id,first_name,last_name,email,gender
1,Gill,Valentin,gvalentin0@wp.com,Non-binary
2,Teodoor,Fielders,tfielders1@last.fm,Agender
3,Yelena,Hinstridge,yhinstridge2@marriott.com,Female
4,Myrtie,Kneale,mkneale3@privacy.gov.au,Genderfluid
5,Ronna,Charley,rcharley4@nhs.uk,Genderqueer
6,Susan,Llewelly,sllewelly5@ning.com,Male
7,Neda,Orchard,norchard6@multiply.com,Genderfluid
8,Sharity,Mushett,smushett7@altervista.org,Non-binary
9,Theresa,Brugemann,tbrugemann8@loc.gov,Female
10,Danella,Molan,dmolan9@opensource.org,Male
11,Charlie,Cotmore,ccotmorea@histats.com,Male
12,Stavros,Coat,scoatb@phpbb.com,Genderqueer
13,Grayce,O'Corhane,gocorhanec@hp.com,Female
14,Kris,Hanfrey,khanfreyd@cnbc.com,Agender
15,Jacinthe,Fidal,jfidale@friendfeed.com,Genderfluid
16,Clarette,Glendzer,cglendzerf@aboutads.info,Genderqueer
17,Dugald,Pachta,dpachtag@bloglovin.com,Polygender
18,Ewen,Clemo,eclemoh@patch.com,Bigender
19,Rosie,Glander,rglanderi@businesswire.com,Male
20,Orelee,Geaveny,ogeavenyj@aboutads.info,Male
21,Petronilla,Pethrick,ppethrickk@addtoany.com,Male
22,Shannon,Everingham,severinghaml@apache.org,Polygender
23,Anthiathia,Crumb,acrumbm@noaa.gov,Bigender
24,Cherish,Nortcliffe,cnortcliffen@ted.com,Genderfluid
25,Wells,Hawtin,whawtino@craigslist.org,Genderfluid
26,Rikki,Echallier,rechallierp@macromedia.com,Genderqueer
27,Della,Haggerwood,dhaggerwoodq@blinklist.com,Non-binary
28,Joline,Vannini,jvanninir@china.com.cn,Female
29,Erminie,Dabrowski,edabrowskis@mysql.com,Genderfluid
30,Maren,Kaming,mkamingt@businessinsider.com,Female
31,Kingston,Doman,kdomanu@techcrunch.com,Bigender
32,Chester,Nitti,cnittiv@barnesandnoble.com,Genderfluid
33,Humphrey,Yellowlea,hyellowleaw@reference.com,Female
34,Martin,Beere,mbeerex@ifeng.com,Polygender
35,Lianne,Suttling,lsuttlingy@reverbnation.com,Non-binary
36,Martica,Derrett,mderrettz@washingtonpost.com,Bigender
37,Ethelind,Gilffilland,egilffilland10@census.gov,Bigender
38,Babbie,O'Hickey,bohickey11@webs.com,Polygender
39,Halsy,Denniss,hdenniss12@sohu.com,Non-binary
40,Danika,Chrystal,dchrystal13@ycombinator.com,Polygender
41,Charmian,Ghilardini,cghilardini14@un.org,Genderfluid
42,Kayley,Winborn,kwinborn15@biglobe.ne.jp,Bigender
43,Roderic,Marchington,rmarchington16@hexun.com,Male
44,Jodie,Tackett,jtackett17@phpbb.com,Genderfluid
45,Casey,Clemitt,cclemitt18@guardian.co.uk,Polygender
46,Delores,Bulled,dbulled19@netscape.com,Female
47,Olenka,Strain,ostrain1a@scientificamerican.com,Polygender
48,Hilly,Huguet,hhuguet1b@google.com,Male
49,Fair,Creavan,fcreavan1c@tripod.com,Bigender
50,Laughton,Bowdery,lbowdery1d@bloglovin.com,Genderqueer
51,Calv,Southey,csouthey1e@people.com.cn,Genderqueer
52,Livvie,Dexter,ldexter1f@cornell.edu,Bigender
53,Bertine,Summerlad,bsummerlad1g@globo.com,Bigender
54,Felipe,Astlet,fastlet1h@biblegateway.com,Genderfluid
55,Bess,Roll,broll1i@macromedia.com,Polygender
56,Guilbert,Cobson,gcobson1j@apache.org,Female
57,Gabey,Romaynes,gromaynes1k@amazon.com,Agender
58,Asher,Bendley,abendley1l@symantec.com,Agender
59,Randa,Pluvier,rpluvier1m@ocn.ne.jp,Genderqueer
60,Kirby,Danielski,kdanielski1n@businessweek.com,Non-binary
61,Missie,Easton,measton1o@github.io,Female
62,Sher,Eadmead,seadmead1p@odnoklassniki.ru,Male
63,Norma,Leveret,nleveret1q@livejournal.com,Male
64,Adeline,Lorain,alorain1r@census.gov,Genderfluid
65,Freddy,Ellwand,fellwand1s@mysql.com,Genderqueer
66,Aylmar,Speak,aspeak1t@aboutads.info,Female
67,Ulrika,Siggery,usiggery1u@wikia.com,Genderfluid
68,Wanda,Kenrick,wkenrick1v@japanpost.jp,Non-binary
69,Wells,Phillcock,wphillcock1w@cnn.com,Non-binary
70,Puff,Wilkes,pwilkes1x@telegraph.co.uk,Female
71,Denys,Cowtherd,dcowtherd1y@ucoz.com,Non-binary
72,Ruperto,Ide,ride1z@scientificamerican.com,Agender
73,Teri,Nial,tnial20@npr.org,Genderfluid
74,Vidovic,Johanssen,vjohanssen21@reuters.com,Female
75,Dawn,Sambles,dsambles22@so-net.ne.jp,Non-binary
76,Talya,Berni,tberni23@huffingtonpost.com,Genderqueer
77,Pancho,Imason,pimason24@wiley.com,Genderfluid
78,Nerita,Wernher,nwernher25@booking.com,Agender
79,Syman,Grane,sgrane26@meetup.com,Non-binary
80,Manny,Lingwood,mlingwood27@slideshare.net,Genderqueer
81,Benn,Ulyat,bulyat28@cafepress.com,Female
82,Corrie,Winslett,cwinslett29@ycombinator.com,Agender
83,Mal,Pardi,mpardi2a@prnewswire.com,Non-binary
84,Aloysius,Billham,abillham2b@biglobe.ne.jp,Polygender
85,Jacky,MacAfee,jmacafee2c@posterous.com,Genderqueer
86,Pincas,Castangia,pcastangia2d@goo.gl,Female
87,Ninon,McNeilley,nmcneilley2e@arstechnica.com,Genderfluid
88,Giffie,Philpotts,gphilpotts2f@drupal.org,Genderfluid
89,Delmore,Nias,dnias2g@springer.com,Non-binary
90,Thomasa,Barthrop,tbarthrop2h@about.me,Agender
91,Britt,Davey,bdavey2i@dedecms.com,Agender
92,Rosabelle,Andrysiak,randrysiak2j@cam.ac.uk,Bigender
93,Deanne,Brito,dbrito2k@4shared.com,Genderfluid
94,Abbi,Stitson,astitson2l@eepurl.com,Polygender
95,Sheffy,Lindsley,slindsley2m@meetup.com,Non-binary
96,Ruby,Vyvyan,rvyvyan2n@liveinternet.ru,Agender
97,Pietrek,Coverley,pcoverley2o@techcrunch.com,Genderfluid
98,Staci,Ransom,sransom2p@weather.com,Male
99,Abie,Kolis,akolis2q@fc2.com,Agender
100,Mattie,Grelik,mgrelik2r@stumbleupon.com,Genderfluid
101,Laverna,Figg,lfigg2s@typepad.com,Bigender
102,Rora,Deniso,rdeniso2t@multiply.com,Bigender
103,Virgilio,Elverstone,velverstone2u@google.com.au,Female
104,Beulah,Holleran,bholleran2v@squidoo.com,Male
105,Pamela,Zimmerman,pzimmerman2w@dagondesign.com,Male
106,Bobbie,Prestland,bprestland2x@census.gov,Genderqueer
107,Purcell,Aylin,paylin2y@nih.gov,Genderqueer
108,Jourdan,Crotch,jcrotch2z@wikispaces.com,Bigender
109,Andreana,Coyish,acoyish30@dailymail.co.uk,Non-binary
110,Katusha,Pickavance,kpickavance31@domainmarket.com,Non-binary
111,Tadd,Wollacott,twollacott32@indiegogo.com,Polygender
112,Pansie,McGinnis,pmcginnis33@nih.gov,Polygender
113,Bella,McCarly,bmccarly34@devhub.com,Bigender
114,Vally,O'Lagene,volagene35@xing.com,Genderqueer
115,Gabriele,Jelley,gjelley36@rambler.ru,Female
116,Marybelle,Phelips,mphelips37@t-online.de,Genderqueer
117,Junia,Cuerdall,jcuerdall38@netlog.com,Bigender
118,Happy,Fidge,hfidge39@usatoday.com,Female
119,Annissa,Tunna,atunna3a@imdb.com,Male
120,Horst,Calver,hcalver3b@amazon.co.jp,Genderfluid
121,Cointon,Statter,cstatter3c@nih.gov,Genderfluid
122,Thea,Scholtz,tscholtz3d@state.tx.us,Bigender
123,Elliot,Woolis,ewoolis3e@house.gov,Agender
124,Basilio,Raden,braden3f@amazon.de,Male
125,Elsinore,Batchelor,ebatchelor3g@goo.gl,Female
126,Lucinda,Defond,ldefond3h@cmu.edu,Female
127,Fredrick,Nosworthy,fnosworthy3i@independent.co.uk,Male
128,Lavinie,Headingham,lheadingham3j@ning.com,Bigender
129,Giffie,Carlone,gcarlone3k@weibo.com,Genderqueer
130,Gal,Cowdrey,gcowdrey3l@nhs.uk,Female
131,Tomasine,Arnaudet,tarnaudet3m@sphinn.com,Female
132,Bartolomeo,Merkle,bmerkle3n@webnode.com,Genderfluid
133,Booth,Swaisland,bswaisland3o@scribd.com,Genderqueer
134,Marlena,Giacobilio,mgiacobilio3p@themeforest.net,Genderqueer
135,Archer,Brackpool,abrackpool3q@nymag.com,Polygender
136,Elfie,Haskell,ehaskell3r@sun.com,Genderfluid
137,Ardyce,Hucknall,ahucknall3s@sbwire.com,Genderqueer
138,Pat,McClary,pmcclary3t@walmart.com,Genderfluid
139,Clarke,Hallet,challet3u@reuters.com,Female
140,Eben,Davenall,edavenall3v@miibeian.gov.cn,Male
141,Mannie,Masterson,mmasterson3w@geocities.com,Male
142,Sybyl,Bax,sbax3x@businesswire.com,Non-binary
143,Paul,Purrier,ppurrier3y@list-manage.com,Genderfluid
144,Clayton,Orrocks,corrocks3z@nhs.uk,Male
145,Romola,Nelius,rnelius40@is.gd,Genderfluid
146,Evania,Stenhouse,estenhouse41@behance.net,Agender
147,Roselin,Deyenhardt,rdeyenhardt42@diigo.com,Polygender
148,Audrye,Bootton,abootton43@hud.gov,Genderfluid
149,Christin,Blazynski,cblazynski44@xing.com,Genderqueer
150,Otes,Birdsey,obirdsey45@independent.co.uk,Agender
151,Billi,Beavors,bbeavors46@topsy.com,Polygender
152,Dedra,Proger,dproger47@reddit.com,Polygender
153,Verile,Marti,vmarti48@jalbum.net,Male
154,Vanessa,Hebborn,vhebborn49@clickbank.net,Polygender
155,Weylin,Hawton,whawton4a@tripadvisor.com,Non-binary
156,Tabb,Housecroft,thousecroft4b@eepurl.com,Genderqueer
157,Ogden,Franses,ofranses4c@cocolog-nifty.com,Genderqueer
158,Jodi,Paulucci,jpaulucci4d@sourceforge.net,Male
159,Clayborne,Gourlay,cgourlay4e@pen.io,Agender
160,Yvor,Kydde,ykydde4f@walmart.com,Female
161,Tatiana,Buckles,tbuckles4g@mlb.com,Bigender
162,Berkly,Mulroy,bmulroy4h@ihg.com,Female
163,Oren,Kenan,okenan4i@weather.com,Agender
164,Rodolphe,McParland,rmcparland4j@rambler.ru,Non-binary
165,Skelly,Bagguley,sbagguley4k@cisco.com,Non-binary
166,Cchaddie,Nelsen,cnelsen4l@ed.gov,Male
167,Julissa,Blindt,jblindt4m@123-reg.co.uk,Male
168,Tony,Curmi,tcurmi4n@zimbio.com,Genderfluid
169,Roselia,Kirkup,rkirkup4o@gov.uk,Bigender
170,Dot,Dawidman,ddawidman4p@eventbrite.com,Agender
171,Francyne,Paradin,fparadin4q@twitter.com,Genderqueer
172,Jon,Chappelle,jchappelle4r@seattletimes.com,Bigender
173,Maribelle,Klimek,mklimek4s@cbsnews.com,Agender
174,Maribelle,Dumblton,mdumblton4t@exblog.jp,Female
175,Roshelle,Francescozzi,rfrancescozzi4u@networksolutions.com,Male
176,Evelyn,Jowitt,ejowitt4v@wsj.com,Male
177,Edwina,Bellay,ebellay4w@dailymotion.com,Bigender
178,Malia,Pavlovsky,mpavlovsky4x@furl.net,Polygender
179,Vitia,Di Carlo,vdicarlo4y@ustream.tv,Polygender
180,Magnum,Bessett,mbessett4z@skype.com,Genderqueer
181,Mamie,Thomton,mthomton50@unicef.org,Genderqueer
182,Odessa,Brimm,obrimm51@eepurl.com,Genderqueer
183,Hilario,Jaslem,hjaslem52@prnewswire.com,Genderfluid
184,Nickola,Ouldred,nouldred53@sogou.com,Agender
185,Trev,Bootyman,tbootyman54@edublogs.org,Non-binary
186,Winnie,Burle,wburle55@apache.org,Genderqueer
187,Rheba,Neising,rneising56@guardian.co.uk,Female
188,Alfred,Bluett,abluett57@skype.com,Polygender
189,Piggy,Dummer,pdummer58@w3.org,Female
190,Moselle,Manicomb,mmanicomb59@tripadvisor.com,Genderfluid
191,Sherie,Gilhoolie,sgilhoolie5a@hibu.com,Non-binary
192,Glynda,Cockayme,gcockayme5b@miibeian.gov.cn,Male
193,Brock,Conyer,bconyer5c@japanpost.jp,Non-binary
194,Say,Williamson,swilliamson5d@reference.com,Genderfluid
195,Langston,Oldfield-Cherry,loldfieldcherry5e@nydailynews.com,Female
196,Kendrick,Rorke,krorke5f@hugedomains.com,Polygender
197,Fidelity,Saltman,fsaltman5g@hao123.com,Bigender
198,Myriam,Peachey,mpeachey5h@hubpages.com,Agender
199,Lauryn,Blench,lblench5i@webs.com,Agender
200,El,Burger,eburger5j@illinois.edu,Female
201,Berne,Biermatowicz,bbiermatowicz5k@chicagotribune.com,Genderfluid
202,Kirby,Kitlee,kkitlee5l@oaic.gov.au,Bigender
203,Garold,Philippon,gphilippon5m@nih.gov,Female
204,Marcel,Camous,mcamous5n@redcross.org,Male
205,Seymour,Kincey,skincey5o@ocn.ne.jp,Male
206,Bianca,Studman,bstudman5p@ucoz.ru,Male
207,Rolland,Cisland,rcisland5q@rambler.ru,Female
208,Almeria,Gilmour,agilmour5r@fda.gov,Agender
209,Maryrose,MacGinney,mmacginney5s@newsvine.com,Genderfluid
210,Kylie,Sire,ksire5t@xrea.com,Genderfluid
211,Terri,Egar,tegar5u@comsenz.com,Male
212,Ysabel,Fardoe,yfardoe5v@weibo.com,Genderfluid
213,Buddy,Norree,bnorree5w@spotify.com,Bigender
214,Otes,Chanter,ochanter5x@ucla.edu,Genderqueer
215,Vikky,Valentine,vvalentine5y@sitemeter.com,Non-binary
216,Priscilla,Tipple,ptipple5z@pinterest.com,Genderfluid
217,Mariquilla,Cavy,mcavy60@abc.net.au,Non-binary
218,Corabel,Bruckshaw,cbruckshaw61@amazon.co.jp,Bigender
219,Jacquette,Milazzo,jmilazzo62@alibaba.com,Female
220,Rourke,Gaughan,rgaughan63@prnewswire.com,Non-binary
221,Caterina,Aust,caust64@t-online.de,Bigender
222,Reagen,Konzel,rkonzel65@prweb.com,Female
223,Lonnie,Gain,lgain66@tinypic.com,Non-binary
224,Vergil,Turbill,vturbill67@rakuten.co.jp,Agender
225,Abbie,Maling,amaling68@last.fm,Male
226,Becky,Ellissen,bellissen69@omniture.com,Agender
227,Horatio,Surr,hsurr6a@cornell.edu,Polygender
228,Terrel,Meysham,tmeysham6b@sun.com,Agender
229,Gerard,Croal,gcroal6c@bluehost.com,Genderfluid
230,Claudia,Falks,cfalks6d@arstechnica.com,Non-binary
231,Gram,Meadley,gmeadley6e@multiply.com,Male
232,Sharia,Dunster,sdunster6f@myspace.com,Agender
233,Bren,McGarvie,bmcgarvie6g@businesswire.com,Genderfluid
234,Alasteir,Di Giacomo,adigiacomo6h@webmd.com,Male
235,Alica,Corselles,acorselles6i@intel.com,Genderfluid
236,Cleveland,Keedwell,ckeedwell6j@utexas.edu,Bigender
237,Dolley,Spenceley,dspenceley6k@hhs.gov,Polygender
238,Aurea,Lehmann,alehmann6l@cafepress.com,Female
239,Decca,Clerke,dclerke6m@omniture.com,Polygender
240,Cly,McKall,cmckall6n@sciencedaily.com,Bigender
241,Jesselyn,Marner,jmarner6o@issuu.com,Polygender
242,Kati,Urpeth,kurpeth6p@forbes.com,Male
243,Maryellen,Josef,mjosef6q@salon.com,Genderfluid
244,Obadias,Hadenton,ohadenton6r@list-manage.com,Genderqueer
245,Margette,Fulkes,mfulkes6s@mtv.com,Genderfluid
246,Filberte,Sisley,fsisley6t@utexas.edu,Polygender
247,Prinz,Dybell,pdybell6u@wp.com,Non-binary
248,Wilona,Farney,wfarney6v@harvard.edu,Male
249,Tabbi,Swaden,tswaden6w@msn.com,Genderfluid
250,Mariel,Mathiot,mmathiot6x@bizjournals.com,Polygender
251,Jacquette,Fried,jfried6y@usgs.gov,Bigender
252,Tobye,Harston,tharston6z@nba.com,Agender
253,Marcy,Ornils,mornils70@infoseek.co.jp,Non-binary
254,Matthew,Wolvey,mwolvey71@blog.com,Female
255,Kippy,Cheltnam,kcheltnam72@sciencedaily.com,Genderqueer
256,Marilee,Waumsley,mwaumsley73@gnu.org,Genderfluid
257,Evey,Scaice,escaice74@wordpress.com,Agender
258,Brendin,Trawin,btrawin75@etsy.com,Agender
259,Rycca,Edmands,redmands76@com.com,Female
260,Tremayne,Baudichon,tbaudichon77@example.com,Polygender
261,Marcela,Flippen,mflippen78@hud.gov,Non-binary
262,Harwilll,Oakenfull,hoakenfull79@upenn.edu,Genderfluid
263,Marius,Bruna,mbruna7a@miitbeian.gov.cn,Genderfluid
264,Shalna,Beyn,sbeyn7b@live.com,Non-binary
265,Domenic,Fauning,dfauning7c@last.fm,Male
266,Felisha,Hought,fhought7d@delicious.com,Bigender
267,Peta,Popping,ppopping7e@hibu.com,Genderfluid
268,Urban,Critchell,ucritchell7f@economist.com,Genderqueer
269,Elsworth,Hallwell,ehallwell7g@bing.com,Genderqueer
270,Nataniel,Stuchbery,nstuchbery7h@wiley.com,Polygender
271,Gloriana,Sealy,gsealy7i@deliciousdays.com,Genderfluid
272,Agnesse,Tother,atother7j@example.com,Genderqueer
273,Roseline,Meardon,rmeardon7k@yahoo.com,Polygender
274,Brandice,Sowten,bsowten7l@businessweek.com,Genderqueer
275,Adi,Seabrook,aseabrook7m@loc.gov,Genderqueer
276,Audra,Cawson,acawson7n@google.com.au,Genderqueer
277,Gabi,Derell,gderell7o@mozilla.org,Non-binary
278,Chane,Petrus,cpetrus7p@pen.io,Polygender
279,Sloane,Davydenko,sdavydenko7q@arizona.edu,Female
280,Curcio,Garrick,cgarrick7r@auda.org.au,Male
281,Sunshine,Dudding,sdudding7s@soup.io,Polygender
282,Willetta,Greensides,wgreensides7t@rambler.ru,Genderqueer
283,Carole,Aimable,caimable7u@nytimes.com,Genderqueer
284,Jade,Hatchette,jhatchette7v@webnode.com,Genderfluid
285,Lorens,Slinn,lslinn7w@hhs.gov,Genderqueer
286,Tessy,Cunney,tcunney7x@stanford.edu,Bigender
287,Stormie,Papez,spapez7y@howstuffworks.com,Polygender
288,Natasha,Engeham,nengeham7z@bravesites.com,Non-binary
289,Fredericka,Bault,fbault80@goo.gl,Bigender
290,Roxy,Oxford,roxford81@kickstarter.com,Genderfluid
291,Antin,Rainger,arainger82@cbslocal.com,Female
292,Konstanze,Lowerson,klowerson83@unesco.org,Genderqueer
293,Temp,Cardinal,tcardinal84@nymag.com,Agender
294,Zulema,Bereford,zbereford85@archive.org,Bigender
295,Shirline,Nend,snend86@furl.net,Non-binary
296,Blithe,Akeherst,bakeherst87@is.gd,Bigender
297,Adrea,Sterte,asterte88@indiegogo.com,Genderqueer
298,Nadine,Tassaker,ntassaker89@hexun.com,Genderfluid
299,Cal,Zavittieri,czavittieri8a@webeden.co.uk,Bigender
300,Kenton,Ffoulkes,kffoulkes8b@telegraph.co.uk,Genderfluid
301,Adrien,Waddicor,awaddicor8c@sohu.com,Male
302,Ronalda,Balloch,rballoch8d@mashable.com,Male
303,Alfy,Riddock,ariddock8e@e-recht24.de,Genderfluid
304,Cacilie,Crathorne,ccrathorne8f@naver.com,Genderqueer
305,Jasmina,Whenman,jwhenman8g@elpais.com,Male
306,Peria,Nozzolii,pnozzolii8h@instagram.com,Polygender
307,Delilah,Upston,dupston8i@ycombinator.com,Female
308,Gradeigh,Hewell,ghewell8j@blogspot.com,Non-binary
309,Isabella,McCarter,imccarter8k@google.de,Agender
310,Shawn,Cullingworth,scullingworth8l@nyu.edu,Genderfluid
311,Teirtza,Bricknall,tbricknall8m@aol.com,Female
312,Judah,Coke,jcoke8n@comcast.net,Agender
313,Jackelyn,Ducker,jducker8o@domainmarket.com,Non-binary
314,Nicolis,Plascott,nplascott8p@diigo.com,Agender
315,Sonni,Dmytryk,sdmytryk8q@yolasite.com,Agender
316,Noelle,Matzke,nmatzke8r@discovery.com,Non-binary
317,Ileane,Squibbs,isquibbs8s@hexun.com,Agender
318,Dotti,Pointin,dpointin8t@unesco.org,Genderfluid
319,Rowan,Gallier,rgallier8u@unicef.org,Non-binary
320,Nathanil,Cayton,ncayton8v@ifeng.com,Genderfluid
321,Tadeo,Conneau,tconneau8w@nifty.com,Genderqueer
322,Arnold,Boliver,aboliver8x@reference.com,Bigender
323,Melvyn,De Bruyne,mdebruyne8y@google.com.hk,Polygender
324,Blakeley,Houlahan,bhoulahan8z@liveinternet.ru,Genderfluid
325,Gery,Janic,gjanic90@geocities.jp,Non-binary
326,Kendal,Ebbotts,kebbotts91@fotki.com,Female
327,Cort,Murt,cmurt92@digg.com,Female
328,Norina,Gautrey,ngautrey93@umich.edu,Male
329,Moyra,Eddison,meddison94@nature.com,Male
330,Hedy,Harold,hharold95@berkeley.edu,Male
331,Umberto,Harries,uharries96@hexun.com,Bigender
332,Briana,Leahy,bleahy97@jimdo.com,Agender
333,Monah,Siaskowski,msiaskowski98@webmd.com,Bigender
334,Wynny,Ellacombe,wellacombe99@fda.gov,Polygender
335,Alanna,Wheelton,awheelton9a@nymag.com,Genderfluid
336,Mariska,Maryska,mmaryska9b@google.es,Genderfluid
337,Roseline,Rackham,rrackham9c@addtoany.com,Non-binary
338,Esta,Keilloh,ekeilloh9d@youku.com,Agender
339,Elicia,Spenceley,espenceley9e@guardian.co.uk,Genderqueer
340,Saundra,Newgrosh,snewgrosh9f@prweb.com,Bigender
341,Merla,Cronkshaw,mcronkshaw9g@indiegogo.com,Bigender
342,Gregorio,Gettins,ggettins9h@canalblog.com,Genderfluid
343,Beverly,Coleridge,bcoleridge9i@nature.com,Bigender
344,Oneida,Leavens,oleavens9j@wix.com,Bigender
345,Cornie,Sore,csore9k@istockphoto.com,Genderfluid
346,Jeth,Spinige,jspinige9l@yolasite.com,Non-binary
347,Kimberlee,Bottleson,kbottleson9m@posterous.com,Genderqueer
348,Earvin,Hancox,ehancox9n@bloomberg.com,Polygender
349,Dorena,Ivins,divins9o@mapquest.com,Bigender
350,Elisabet,Matthews,ematthews9p@archive.org,Polygender
351,Colene,Shalcras,cshalcras9q@hhs.gov,Genderfluid
352,Giffy,MacDuffie,gmacduffie9r@economist.com,Non-binary
353,Cris,Luparti,cluparti9s@sfgate.com,Agender
354,Yule,Stallybrass,ystallybrass9t@linkedin.com,Male
355,Lara,Rivelin,lrivelin9u@google.co.jp,Genderfluid
356,Aviva,Paviour,apaviour9v@google.cn,Non-binary
357,Abraham,Sissens,asissens9w@washington.edu,Female
358,Dulcea,Ram,dram9x@i2i.jp,Agender
359,Hynda,Maxsted,hmaxsted9y@who.int,Agender
360,Wallache,Peplay,wpeplay9z@photobucket.com,Agender
361,Isidoro,Dahl,idahla0@stanford.edu,Non-binary
362,Allie,Kix,akixa1@tumblr.com,Bigender
363,Lorette,Loveday,llovedaya2@angelfire.com,Agender
364,Esme,Purser,epursera3@google.com.br,Non-binary
365,Cherye,Longfellow,clongfellowa4@posterous.com,Non-binary
366,Debra,Kienl,dkienla5@multiply.com,Genderfluid
367,Toddie,Wapple,twapplea6@comcast.net,Genderqueer
368,Ezechiel,McMylor,emcmylora7@usa.gov,Polygender
369,Essy,Jamson,ejamsona8@webmd.com,Genderqueer
370,Ranee,Monni,rmonnia9@independent.co.uk,Female
371,Bentley,Heal,bhealaa@mlb.com,Polygender
372,Adi,Fitzgerald,afitzgeraldab@harvard.edu,Genderqueer
373,Noble,Ribbens,nribbensac@51.la,Female
374,Laurella,Kneaphsey,lkneaphseyad@nature.com,Male
375,Dukey,Jotcham,djotchamae@linkedin.com,Female
376,Toma,Chesterman,tchestermanaf@naver.com,Non-binary
377,Prissie,Fry,pfryag@wsj.com,Bigender
378,Alphonse,Commin,acomminah@nsw.gov.au,Agender
379,Leopold,Sauniere,lsauniereai@abc.net.au,Male
380,Virgina,Grimbleby,vgrimblebyaj@themeforest.net,Genderqueer
381,Bernetta,Craft,bcraftak@soundcloud.com,Genderfluid
382,Ede,Gladwin,egladwinal@etsy.com,Male
383,Humfrid,Spore,hspoream@zimbio.com,Genderqueer
384,Anissa,Yele,ayelean@sbwire.com,Non-binary
385,Gisela,Norewood,gnorewoodao@stanford.edu,Female
386,Vasily,Bavester,vbavesterap@ca.gov,Genderqueer
387,Thedric,Springtorpe,tspringtorpeaq@flavors.me,Female
388,Alfreda,Northover,anorthoverar@soup.io,Female
389,Cassandry,Ors,corsas@google.ca,Genderqueer
390,Hadleigh,Budding,hbuddingat@tinyurl.com,Male
391,Anabel,Glas,aglasau@hhs.gov,Genderfluid
392,Milton,Caughte,mcaughteav@about.com,Genderfluid
393,Helene,Tainton,htaintonaw@webeden.co.uk,Agender
394,Irwinn,Hancke,ihanckeax@google.it,Polygender
395,Mose,Pierri,mpierriay@devhub.com,Male
396,Mata,Henke,mhenkeaz@ask.com,Non-binary
397,Eddi,Hastewell,ehastewellb0@cornell.edu,Polygender
398,Darbee,Coweuppe,dcoweuppeb1@chronoengine.com,Non-binary
399,Gaye,Edison,gedisonb2@washingtonpost.com,Genderqueer
400,Jessalyn,Joskovitch,jjoskovitchb3@umn.edu,Bigender
401,Darya,Jones,djonesb4@europa.eu,Bigender
402,Louisette,Roebottom,lroebottomb5@baidu.com,Agender
403,Beatrice,Tallman,btallmanb6@nps.gov,Female
404,Mona,Worley,mworleyb7@wordpress.org,Genderqueer
405,Neda,Lagne,nlagneb8@japanpost.jp,Bigender
406,Garnette,Sansam,gsansamb9@discovery.com,Male
407,Amby,Davies,adaviesba@discuz.net,Polygender
408,Micky,Rouke,mroukebb@symantec.com,Female
409,Roscoe,Mayberry,rmayberrybc@washingtonpost.com,Agender
410,King,Mountstephen,kmountstephenbd@pagesperso-orange.fr,Genderfluid
411,Berta,Severn,bsevernbe@deliciousdays.com,Polygender
412,Aurelie,Elgie,aelgiebf@accuweather.com,Polygender
413,Melvin,McGettrick,mmcgettrickbg@mapquest.com,Genderfluid
414,Eugenio,Castellani,ecastellanibh@mashable.com,Bigender
415,Jada,Allkins,jallkinsbi@reuters.com,Male
416,Abelard,Bockmaster,abockmasterbj@ft.com,Genderfluid
417,Kaila,Venes,kvenesbk@ted.com,Female
418,Krispin,Robrow,krobrowbl@dot.gov,Bigender
419,Cosimo,Pergens,cpergensbm@slate.com,Male
420,Jsandye,Iban,jibanbn@omniture.com,Female
421,Phil,Jozefiak,pjozefiakbo@netscape.com,Polygender
422,Gusella,Jewise,gjewisebp@about.me,Male
423,Roxy,Saurat,rsauratbq@nifty.com,Genderqueer
424,May,Carse,mcarsebr@printfriendly.com,Agender
425,Madelina,Furney,mfurneybs@list-manage.com,Genderqueer
426,Etan,Molan,emolanbt@vimeo.com,Male
427,Wylma,True,wtruebu@miitbeian.gov.cn,Female
428,Orlan,Conboy,oconboybv@bluehost.com,Non-binary
429,Maribelle,Iveans,miveansbw@stumbleupon.com,Female
430,Aveline,Cossell,acossellbx@themeforest.net,Genderfluid
431,Angeli,Warters,awartersby@sakura.ne.jp,Genderqueer
432,Westbrook,Snel,wsnelbz@cisco.com,Bigender
433,Madelyn,Grabb,mgrabbc0@chicagotribune.com,Non-binary
434,Stormi,Yepiskopov,syepiskopovc1@noaa.gov,Genderqueer
435,Mara,Bee,mbeec2@aol.com,Polygender
436,Loydie,Mara,lmarac3@sphinn.com,Polygender
437,Lonny,Ashby,lashbyc4@angelfire.com,Agender
438,Sapphira,Habben,shabbenc5@bbc.co.uk,Polygender
439,Mannie,Esh,meshc6@about.com,Genderfluid
440,Ashleigh,Halburton,ahalburtonc7@yale.edu,Bigender
441,Idaline,Lorkin,ilorkinc8@sun.com,Female
442,Mozes,Tremeer,mtremeerc9@oakley.com,Genderqueer
443,Hyacintha,Swatridge,hswatridgeca@google.fr,Polygender
444,Alie,Pachmann,apachmanncb@spotify.com,Female
445,Idaline,Streeten,istreetencc@photobucket.com,Male
446,Allyn,Earingey,aearingeycd@blogspot.com,Genderqueer
447,Cyrus,Adamsen,cadamsence@nps.gov,Bigender
448,Phyllys,Maccraw,pmaccrawcf@storify.com,Female
449,Esme,Lampbrecht,elampbrechtcg@meetup.com,Genderfluid
450,Koren,Churchward,kchurchwardch@cornell.edu,Male
451,Margy,Whaymand,mwhaymandci@ifeng.com,Non-binary
452,Dora,Martin,dmartincj@myspace.com,Genderfluid
453,Wendye,Platt,wplattck@oracle.com,Non-binary
454,Mufinella,Turfs,mturfscl@japanpost.jp,Non-binary
455,Dewey,Heisman,dheismancm@devhub.com,Non-binary
456,Johan,Ilson,jilsoncn@independent.co.uk,Male
457,Clementius,Baxstar,cbaxstarco@cnn.com,Non-binary
458,Yoshiko,Favel,yfavelcp@blogs.com,Male
459,Louie,Stood,lstoodcq@wunderground.com,Female
460,Lexie,Curton,lcurtoncr@google.it,Agender
461,Hector,Oloshin,holoshincs@cbc.ca,Genderqueer
462,Ario,Chasen,achasenct@shareasale.com,Genderfluid
463,Marni,Wewell,mwewellcu@youtube.com,Male
464,Ivie,Meighan,imeighancv@cnn.com,Bigender
465,Chickie,Bernon,cbernoncw@cdc.gov,Genderfluid
466,Druci,Stirgess,dstirgesscx@miibeian.gov.cn,Bigender
467,Aurlie,Mathy,amathycy@1688.com,Bigender
468,Jaclin,Garmon,jgarmoncz@redcross.org,Female
469,Cordy,Skypp,cskyppd0@vinaora.com,Bigender
470,Boniface,Wanell,bwanelld1@sbwire.com,Genderqueer
471,Bruis,Gozard,bgozardd2@wikispaces.com,Genderqueer
472,Cornela,Willans,cwillansd3@addtoany.com,Polygender
473,Garwin,Elia,geliad4@flickr.com,Female
474,Brynna,Harragin,bharragind5@youtu.be,Non-binary
475,Tatiania,Rusted,trustedd6@alexa.com,Genderfluid
476,Crystie,Keling,ckelingd7@bravesites.com,Non-binary
477,Osbert,Moffett,omoffettd8@wsj.com,Female
478,Sunny,Woodrup,swoodrupd9@google.com.au,Non-binary
479,Bartolomeo,Greenhill,bgreenhillda@trellian.com,Bigender
480,Dru,Perrie,dperriedb@abc.net.au,Bigender
481,Issie,Abele,iabeledc@g.co,Polygender
482,Forster,Inkster,finksterdd@edublogs.org,Bigender
483,Maryanna,Pemble,mpemblede@blinklist.com,Genderfluid
484,Leeanne,Rouch,lrouchdf@howstuffworks.com,Non-binary
485,Aluin,Jeens,ajeensdg@bravesites.com,Male
486,Tiler,Dowd,tdowddh@chicagotribune.com,Male
487,Francklyn,Clemente,fclementedi@seattletimes.com,Genderfluid
488,Casandra,Husbands,chusbandsdj@tiny.cc,Genderfluid
489,Winthrop,Anfrey,wanfreydk@senate.gov,Non-binary
490,Leann,Bridgen,lbridgendl@dyndns.org,Bigender
491,Niel,Wackett,nwackettdm@webnode.com,Genderfluid
492,Patty,Beniesh,pbenieshdn@ovh.net,Male
493,Caritta,Borless,cborlessdo@163.com,Genderfluid
494,Raye,Callendar,rcallendardp@qq.com,Male
495,Harlene,Lydford,hlydforddq@sbwire.com,Non-binary
496,Dillon,Clissold,dclissolddr@ucoz.ru,Female
497,Maynard,Iban,mibands@un.org,Polygender
498,Bertie,Trippack,btrippackdt@unc.edu,Non-binary
499,Kippy,Hinkins,khinkinsdu@bloglovin.com,Female
500,Danni,Towl,dtowldv@ed.gov,Female
501,Griffith,Andrichuk,gandrichukdw@ed.gov,Polygender
502,Gradey,Geri,ggeridx@pen.io,Agender
503,Frederich,Oneal,fonealdy@nature.com,Male
504,Margaretha,Coultish,mcoultishdz@wufoo.com,Polygender
505,Barb,Mitchall,bmitchalle0@yandex.ru,Female
506,Theo,Karpinski,tkarpinskie1@sina.com.cn,Genderqueer
507,Sheilah,Melley,smelleye2@uol.com.br,Bigender
508,Janeta,Kenan,jkenane3@t.co,Agender
509,Trescha,Masden,tmasdene4@constantcontact.com,Genderfluid
510,Kort,Houselee,khouseleee5@biblegateway.com,Agender
511,Guilbert,Catmull,gcatmulle6@wisc.edu,Polygender
512,Ferguson,Downham,fdownhame7@google.it,Polygender
513,Lucho,Waterstone,lwaterstonee8@prnewswire.com,Agender
514,Katy,Franies,kfraniese9@tiny.cc,Female
515,Jillene,Press,jpressea@mayoclinic.com,Male
516,Gibb,Branchett,gbranchetteb@clickbank.net,Genderqueer
517,Myrtle,Rankcom,mrankcomec@over-blog.com,Non-binary
518,Crin,Berford,cberforded@bluehost.com,Female
519,Gweneth,Naton,gnatonee@youtu.be,Polygender
520,Titos,Bogart,tbogartef@amazon.com,Male
521,Theodoric,Mahedy,tmahedyeg@angelfire.com,Non-binary
522,Aretha,Strood,astroodeh@ycombinator.com,Genderqueer
523,Kerrie,Doohey,kdooheyei@free.fr,Polygender
524,Julissa,Dearnaley,jdearnaleyej@ezinearticles.com,Polygender
525,Lilyan,Lambshine,llambshineek@cbc.ca,Genderfluid
526,Asa,Punter,apunterel@samsung.com,Male
527,Amalee,Casini,acasiniem@ca.gov,Bigender
528,Arlana,Swyer-Sexey,aswyersexeyen@chron.com,Polygender
529,Llywellyn,Rae,lraeeo@about.com,Male
530,Ximenes,Bousquet,xbousquetep@cisco.com,Non-binary
531,Elden,De Normanville,edenormanvilleeq@huffingtonpost.com,Agender
532,Carly,Schober,cschoberer@yandex.ru,Non-binary
533,Ira,Trussell,itrusselles@china.com.cn,Genderqueer
534,Lee,Jeffes,ljeffeset@scientificamerican.com,Bigender
535,Kamilah,Roseblade,krosebladeeu@live.com,Bigender
536,Adi,Gorrick,agorrickev@intel.com,Male
537,Erie,O'Heaney,eoheaneyew@state.tx.us,Polygender
538,Shanie,Helm,shelmex@topsy.com,Genderqueer
539,Sanson,Oger,sogerey@prlog.org,Agender
540,Cece,Kubek,ckubekez@infoseek.co.jp,Genderqueer
541,Melonie,Beadon,mbeadonf0@va.gov,Non-binary
542,Avigdor,Grissett,agrissettf1@eventbrite.com,Genderqueer
543,Meryl,Bath,mbathf2@wordpress.com,Male
544,Vanda,Stockey,vstockeyf3@mayoclinic.com,Genderfluid
545,Amandie,Washbrook,awashbrookf4@wunderground.com,Non-binary
546,Shela,Falkingham,sfalkinghamf5@ameblo.jp,Genderqueer
547,Mel,Lashmore,mlashmoref6@dot.gov,Genderqueer
548,Rosa,Darker,rdarkerf7@list-manage.com,Genderqueer
549,Agnola,Wycliff,awyclifff8@artisteer.com,Polygender
550,Andeee,Crambie,acrambief9@admin.ch,Male
551,Vivianne,Soloway,vsolowayfa@dedecms.com,Polygender
552,Standford,Stife,sstifefb@usa.gov,Female
553,Georgena,Roch,grochfc@soundcloud.com,Genderfluid
554,Lewes,Mattityahou,lmattityahoufd@squarespace.com,Genderqueer
555,Francklyn,Cargenven,fcargenvenfe@xing.com,Agender
556,Whitaker,Spohr,wspohrff@exblog.jp,Polygender
557,Pauletta,Izkovitz,pizkovitzfg@phoca.cz,Genderqueer
558,Ivy,Belli,ibellifh@nba.com,Polygender
559,Halimeda,Le Houx,hlehouxfi@ucoz.ru,Genderfluid
560,Adorne,Golder,agolderfj@joomla.org,Bigender
561,Corrie,Witter,cwitterfk@loc.gov,Polygender
562,Kristan,Ornelas,kornelasfl@wikipedia.org,Agender
563,Jasper,Alaway,jalawayfm@vkontakte.ru,Genderqueer
564,Silas,Fursse,sfurssefn@artisteer.com,Polygender
565,Helene,Risbie,hrisbiefo@cdc.gov,Male
566,Blair,Beaston,bbeastonfp@blogs.com,Polygender
567,Ingmar,Wither,iwitherfq@friendfeed.com,Female
568,Guillermo,McGeechan,gmcgeechanfr@nbcnews.com,Genderfluid
569,Saleem,Kolakovic,skolakovicfs@addthis.com,Polygender
570,Dusty,Pilmoor,dpilmoorft@wisc.edu,Polygender
571,Danya,Whitfield,dwhitfieldfu@ycombinator.com,Genderqueer
572,Olive,Trytsman,otrytsmanfv@opensource.org,Non-binary
573,Katina,Vayro,kvayrofw@ebay.com,Bigender
574,Olive,Hesser,ohesserfx@goo.gl,Bigender
575,Boothe,Turnell,bturnellfy@cbsnews.com,Agender
576,Lauritz,Dimitriev,ldimitrievfz@e-recht24.de,Female
577,Eudora,Renac,erenacg0@163.com,Agender
578,Hermina,Bonwick,hbonwickg1@tumblr.com,Non-binary
579,Vikky,Biesty,vbiestyg2@wired.com,Genderqueer
580,Courtenay,Weddup,cweddupg3@lulu.com,Genderfluid
581,Wyn,Rigts,wrigtsg4@myspace.com,Non-binary
582,Gerta,Chevalier,gchevalierg5@spotify.com,Agender
583,Allister,Riply,ariplyg6@shutterfly.com,Bigender
584,Clarine,Jermin,cjerming7@google.ca,Genderqueer
585,Diana,Coopper,dcoopperg8@marketwatch.com,Genderfluid
586,Zabrina,Baldoni,zbaldonig9@webeden.co.uk,Genderfluid
587,Cindee,Lowater,clowaterga@dion.ne.jp,Genderqueer
588,Alysia,Layburn,alayburngb@guardian.co.uk,Polygender
589,Cherice,Beltzner,cbeltznergc@whitehouse.gov,Non-binary
590,Dory,Rubi,drubigd@ning.com,Genderqueer
591,Will,Spragge,wspraggege@fda.gov,Polygender
592,Dynah,Baurerich,dbaurerichgf@npr.org,Male
593,Felecia,Albone,falbonegg@sun.com,Bigender
594,Pascale,Chaperlin,pchaperlingh@elegantthemes.com,Bigender
595,Lou,Heak,lheakgi@illinois.edu,Non-binary
596,Hedwiga,Gildea,hgildeagj@nih.gov,Agender
597,George,Barefoot,gbarefootgk@tiny.cc,Non-binary
598,Anetta,Janik,ajanikgl@dell.com,Genderqueer
599,Shawna,Coathup,scoathupgm@de.vu,Bigender
600,Caryn,Lathwell,clathwellgn@vimeo.com,Bigender
601,Winnah,Tacon,wtacongo@pen.io,Non-binary
602,Shamus,Colisbe,scolisbegp@deviantart.com,Polygender
603,Sissy,Breton,sbretongq@ustream.tv,Female
604,Dynah,Arundel,darundelgr@cloudflare.com,Polygender
605,Felic,Rudge,frudgegs@themeforest.net,Male
606,Wilfred,Fallow,wfallowgt@time.com,Genderfluid
607,Datha,Shee,dsheegu@usa.gov,Non-binary
608,Drucie,Tims,dtimsgv@elpais.com,Non-binary
609,Rockie,Hubberstey,rhubbersteygw@godaddy.com,Bigender
610,Pammi,Scapens,pscapensgx@t-online.de,Female
611,Maud,Waddie,mwaddiegy@marketwatch.com,Genderfluid
612,Prudi,Maccaddie,pmaccaddiegz@edublogs.org,Genderqueer
613,Carroll,Gouldsmith,cgouldsmithh0@spiegel.de,Female
614,Walton,Smoth,wsmothh1@amazon.co.uk,Female
615,Ofella,Brydone,obrydoneh2@shop-pro.jp,Non-binary
616,Thaxter,Mendes,tmendesh3@senate.gov,Female
617,Aurel,Huelin,ahuelinh4@goo.gl,Male
618,Farah,Abell,fabellh5@moonfruit.com,Agender
619,Rycca,Lorek,rlorekh6@cdbaby.com,Polygender
620,Aymer,Garwell,agarwellh7@surveymonkey.com,Polygender
621,Leeann,Olland,lollandh8@ed.gov,Non-binary
622,Morly,Van Halen,mvanhalenh9@cpanel.net,Polygender
623,Constantino,Fransinelli,cfransinelliha@pcworld.com,Non-binary
624,Sharon,Escalera,sescalerahb@wiley.com,Polygender
625,Nate,Durrett,ndurretthc@webs.com,Genderqueer
626,Dewie,Blasetti,dblasettihd@abc.net.au,Bigender
627,Win,Rudderham,wrudderhamhe@census.gov,Bigender
628,Nadeen,Gallone,ngallonehf@joomla.org,Female
629,Olia,Stych,ostychhg@apache.org,Genderfluid
630,Oberon,Corkhill,ocorkhillhh@vinaora.com,Non-binary
631,Hilarius,Boydell,hboydellhi@dot.gov,Bigender
632,Sybille,Hennemann,shennemannhj@pbs.org,Male
633,Reese,Boggers,rboggershk@bing.com,Non-binary
634,Dolf,Vlahos,dvlahoshl@army.mil,Genderqueer
635,Evaleen,Binnes,ebinneshm@over-blog.com,Male
636,Mag,Colquyte,mcolquytehn@dagondesign.com,Non-binary
637,Simone,Penvarne,spenvarneho@smugmug.com,Bigender
638,Baron,Reicherz,breicherzhp@hc360.com,Genderqueer
639,Gregg,Colbourn,gcolbournhq@youtube.com,Bigender
640,Merry,Delacourt,mdelacourthr@mtv.com,Male
641,Sissy,Tees,steeshs@gizmodo.com,Polygender
642,Waring,Rumney,wrumneyht@noaa.gov,Non-binary
643,Evaleen,Meys,emeyshu@eepurl.com,Female
644,Chryste,Emer,cemerhv@newsvine.com,Genderfluid
645,Geordie,Dickins,gdickinshw@patch.com,Female
646,Aila,Redmain,aredmainhx@utexas.edu,Agender
647,Giustino,Le feaver,glefeaverhy@mlb.com,Agender
648,Saidee,Curl,scurlhz@soundcloud.com,Agender
649,Odessa,Cordova,ocordovai0@stumbleupon.com,Non-binary
650,Aggie,Dowley,adowleyi1@aboutads.info,Genderqueer
651,Doll,Form,dformi2@mtv.com,Male
652,Carrissa,Amthor,camthori3@biblegateway.com,Bigender
653,Peirce,Docket,pdocketi4@slate.com,Non-binary
654,Sharia,Thirwell,sthirwelli5@umich.edu,Male
655,Brendin,Cote,bcotei6@paypal.com,Genderqueer
656,Brigg,Renner,brenneri7@instagram.com,Polygender
657,Nickolaus,Theyer,ntheyeri8@google.nl,Non-binary
658,Lottie,Cottrill,lcottrilli9@wunderground.com,Genderfluid
659,Dianne,Collum,dcollumia@statcounter.com,Agender
660,Olenka,Choffin,ochoffinib@tamu.edu,Female
661,Elysha,Grastye,egrastyeic@woothemes.com,Genderfluid
662,Andra,Fenich,afenichid@addtoany.com,Genderfluid
663,Catlaina,Sperry,csperryie@360.cn,Genderfluid
664,Colan,Murrie,cmurrieif@vimeo.com,Non-binary
665,Riley,Brinsden,rbrinsdenig@webeden.co.uk,Non-binary
666,Dave,Thornewell,dthornewellih@amazon.com,Female
667,Kristel,Sutor,ksutorii@altervista.org,Agender
668,Arie,Blasik,ablasikij@jimdo.com,Non-binary
669,Lolita,Cottem,lcottemik@timesonline.co.uk,Female
670,Devy,Gabbat,dgabbatil@wordpress.org,Bigender
671,Kelby,Aggus,kaggusim@geocities.jp,Non-binary
672,Moira,Bulger,mbulgerin@gmpg.org,Genderfluid
673,Cecilia,Cluderay,ccluderayio@icio.us,Male
674,Jeramie,Very,jveryip@aboutads.info,Polygender
675,Nickolas,Benedettini,nbenedettiniiq@usda.gov,Bigender
676,Anthe,Aires,aairesir@woothemes.com,Genderfluid
677,Lorin,Hussell,lhussellis@archive.org,Agender
678,Armin,Vynarde,avynardeit@boston.com,Female
679,Adan,Dooler,adooleriu@ow.ly,Non-binary
680,Carlin,Moyser,cmoyseriv@samsung.com,Female
681,Sandi,Blaxley,sblaxleyiw@walmart.com,Bigender
682,Basile,Manginot,bmanginotix@slideshare.net,Polygender
683,Lyon,Lemasney,llemasneyiy@nydailynews.com,Agender
684,Melisande,Kilmary,mkilmaryiz@cdbaby.com,Female
685,Shanie,Bainton,sbaintonj0@so-net.ne.jp,Genderqueer
686,Tull,Norewood,tnorewoodj1@wordpress.com,Bigender
687,Shani,Chastan,schastanj2@vk.com,Non-binary
688,Raleigh,Tuting,rtutingj3@dedecms.com,Polygender
689,Fee,Brodeau,fbrodeauj4@unc.edu,Male
690,Marjie,Shinfield,mshinfieldj5@nps.gov,Non-binary
691,Kevina,Presdee,kpresdeej6@blogspot.com,Male
692,Briney,MacFaell,bmacfaellj7@wikipedia.org,Bigender
693,Myrtie,Orrock,morrockj8@ebay.co.uk,Non-binary
694,Bunni,Oseman,bosemanj9@tuttocitta.it,Non-binary
695,Keenan,Beetles,kbeetlesja@wiley.com,Polygender
696,Brendis,Koppe,bkoppejb@ebay.co.uk,Genderqueer
697,Don,Sexstone,dsexstonejc@tinypic.com,Genderfluid
698,Jourdan,Pattie,jpattiejd@walmart.com,Agender
699,Clive,MacGinlay,cmacginlayje@ted.com,Bigender
700,Calley,Collimore,ccollimorejf@furl.net,Genderfluid
701,Cesya,Shaxby,cshaxbyjg@taobao.com,Polygender
702,Oriana,Camel,ocameljh@github.io,Polygender
703,Suzie,Bembridge,sbembridgeji@unblog.fr,Genderqueer
704,Bentlee,O'Connor,boconnorjj@discuz.net,Bigender
705,Rana,Gallyon,rgallyonjk@utexas.edu,Agender
706,Estell,Jarmain,ejarmainjl@free.fr,Genderqueer
707,Clementius,Reynish,creynishjm@cdc.gov,Female
708,Kristos,Beilby,kbeilbyjn@rakuten.co.jp,Genderfluid
709,Jon,Exposito,jexpositojo@i2i.jp,Female
710,Coretta,Missington,cmissingtonjp@linkedin.com,Genderfluid
711,Chip,Glasard,cglasardjq@wikia.com,Genderfluid
712,Lizzie,Bolding,lboldingjr@indiatimes.com,Male
713,Craggy,Dayley,cdayleyjs@taobao.com,Polygender
714,Brocky,Bubbear,bbubbearjt@plala.or.jp,Genderfluid
715,Charlot,Sturley,csturleyju@furl.net,Genderfluid
716,Zonnya,Murfin,zmurfinjv@berkeley.edu,Agender
717,Rhys,Bridell,rbridelljw@mit.edu,Genderfluid
718,Analise,Gingedale,agingedalejx@biblegateway.com,Female
719,Suzie,Allston,sallstonjy@senate.gov,Genderqueer
720,Aldrich,Fussey,afusseyjz@mapquest.com,Female
721,Pernell,Olexa,polexak0@oakley.com,Genderqueer
722,Lisette,Danet,ldanetk1@hubpages.com,Polygender
723,Wilona,Cowpland,wcowplandk2@ocn.ne.jp,Genderqueer
724,Dorena,Fawks,dfawksk3@usgs.gov,Non-binary
725,Taite,Rooney,trooneyk4@discovery.com,Bigender
726,Zeke,Flintiff,zflintiffk5@uol.com.br,Bigender
727,Melesa,Mallinder,mmallinderk6@pbs.org,Female
728,Florry,Genese,fgenesek7@aol.com,Non-binary
729,Carmen,Matts,cmattsk8@wordpress.com,Agender
730,Birk,Purkis,bpurkisk9@huffingtonpost.com,Male
731,Carolan,Gavrielly,cgavriellyka@naver.com,Female
732,Codi,Matevosian,cmatevosiankb@typepad.com,Male
733,Wes,Spacie,wspaciekc@narod.ru,Non-binary
734,Matty,Attwill,mattwillkd@vkontakte.ru,Agender
735,Francine,Sansom,fsansomke@wordpress.com,Genderfluid
736,Merrel,Cansdell,mcansdellkf@last.fm,Female
737,Annis,Thairs,athairskg@nydailynews.com,Genderfluid
738,Min,Le Claire,mleclairekh@smugmug.com,Male
739,Jordana,Sweetland,jsweetlandki@infoseek.co.jp,Female
740,Lief,Fadian,lfadiankj@nymag.com,Polygender
741,Dona,Cracoe,dcracoekk@utexas.edu,Male
742,Waylan,Diddams,wdiddamskl@amazon.de,Non-binary
743,Debera,Dusting,ddustingkm@washingtonpost.com,Polygender
744,Mannie,Ashfull,mashfullkn@mayoclinic.com,Female
745,Micheline,Pedrocchi,mpedrocchiko@lycos.com,Genderqueer
746,Katharyn,Claige,kclaigekp@sbwire.com,Bigender
747,Mariam,Gilliam,mgilliamkq@plala.or.jp,Agender
748,Abagail,Woods,awoodskr@alibaba.com,Female
749,Carmelia,Hamberston,chamberstonks@jugem.jp,Male
750,Patience,Giocannoni,pgiocannonikt@artisteer.com,Non-binary
751,Matilde,Bonallick,mbonallickku@com.com,Genderqueer
752,Armando,Andreia,aandreiakv@dagondesign.com,Non-binary
753,Bari,Cottey,bcotteykw@zdnet.com,Genderqueer
754,Billye,Sivewright,bsivewrightkx@bloglovin.com,Non-binary
755,West,Juggings,wjuggingsky@cocolog-nifty.com,Genderqueer
756,Riobard,Corse,rcorsekz@slate.com,Male
757,Marita,Quinnette,mquinnettel0@si.edu,Genderfluid
758,Robenia,Munning,rmunningl1@economist.com,Female
759,Vera,Lummasana,vlummasanal2@unblog.fr,Agender
760,Scarlett,Oherlihy,soherlihyl3@dion.ne.jp,Genderqueer
761,Cris,Gosnall,cgosnalll4@privacy.gov.au,Male
762,Dorian,Jansen,djansenl5@indiatimes.com,Bigender
763,Marve,Haycroft,mhaycroftl6@prnewswire.com,Genderqueer
764,Daisi,Feldstern,dfeldsternl7@wordpress.com,Agender
765,Quinn,Danigel,qdanigell8@angelfire.com,Polygender
766,Denys,Yashanov,dyashanovl9@naver.com,Genderfluid
767,Casandra,Trusslove,ctrusslovela@nifty.com,Non-binary
768,Lucien,Marvin,lmarvinlb@blogs.com,Bigender
769,Dyan,Branwhite,dbranwhitelc@last.fm,Genderqueer
770,Renado,Kevern,rkevernld@seesaa.net,Bigender
771,Morgun,Knowles,mknowlesle@de.vu,Non-binary
772,Dyana,Linebarger,dlinebargerlf@sbwire.com,Genderqueer
773,Jermain,Hull,jhulllg@china.com.cn,Genderqueer
774,Valene,Bonicelli,vbonicellilh@omniture.com,Bigender
775,Heinrik,Graddon,hgraddonli@wikipedia.org,Non-binary
776,Geraldine,Branchet,gbranchetlj@shareasale.com,Genderfluid
777,Agneta,Loudiane,aloudianelk@google.ca,Genderfluid
778,Rhea,Bletcher,rbletcherll@printfriendly.com,Polygender
779,Nerissa,Livesay,nlivesaylm@1und1.de,Non-binary
780,Emelyne,Vango,evangoln@alibaba.com,Male
781,Adham,Cobelli,acobellilo@salon.com,Genderqueer
782,Zonda,Davidsohn,zdavidsohnlp@themeforest.net,Genderqueer
783,Fannie,Pittam,fpittamlq@vk.com,Female
784,Scotty,Oldland,soldlandlr@uiuc.edu,Genderfluid
785,Fields,Belchem,fbelchemls@hexun.com,Bigender
786,Marna,Gorgen,mgorgenlt@photobucket.com,Genderfluid
787,Idell,Danielczyk,idanielczyklu@usatoday.com,Male
788,Yorker,Phillipps,yphillippslv@tamu.edu,Polygender
789,Raquel,Pittaway,rpittawaylw@sakura.ne.jp,Female
790,Bruis,Chomley,bchomleylx@weebly.com,Genderfluid
791,Nan,Vahl,nvahlly@wordpress.com,Non-binary
792,Vally,Skarr,vskarrlz@wikipedia.org,Genderqueer
793,Seumas,Roskelly,sroskellym0@reddit.com,Non-binary
794,Dido,Darrington,ddarringtonm1@statcounter.com,Non-binary
795,Renato,Huby,rhubym2@state.tx.us,Genderfluid
796,Merwin,Dickie,mdickiem3@craigslist.org,Bigender
797,Rosy,Du Plantier,rduplantierm4@woothemes.com,Agender
798,Haleigh,Feehely,hfeehelym5@irs.gov,Bigender
799,Cosimo,Cheltnam,ccheltnamm6@google.es,Non-binary
800,Johann,Moquin,jmoquinm7@github.io,Polygender
801,Lonnie,O'Gormally,logormallym8@typepad.com,Genderfluid
802,Judith,Van Hove,jvanhovem9@nps.gov,Polygender
803,George,Ledrun,gledrunma@goodreads.com,Genderqueer
804,Melinda,Marquiss,mmarquissmb@dagondesign.com,Genderfluid
805,Parke,Jikylls,pjikyllsmc@upenn.edu,Polygender
806,Carmine,Tolle,ctollemd@yelp.com,Non-binary
807,Davita,Ellingsworth,dellingsworthme@multiply.com,Genderqueer
808,Alexine,Gensavage,agensavagemf@mlb.com,Bigender
809,Stacy,Madre,smadremg@irs.gov,Non-binary
810,Elsinore,Mohamed,emohamedmh@ameblo.jp,Genderqueer
811,Deane,Ivanshintsev,divanshintsevmi@craigslist.org,Non-binary
812,Charmain,Grigs,cgrigsmj@ustream.tv,Genderfluid
813,Claybourne,Lowfill,clowfillmk@uiuc.edu,Agender
814,Ortensia,Elsmor,oelsmorml@dmoz.org,Male
815,Valle,Waterland,vwaterlandmm@ucsd.edu,Genderqueer
816,Rita,Jerrold,rjerroldmn@barnesandnoble.com,Genderqueer
817,Tedda,Jaycock,tjaycockmo@google.com.hk,Genderfluid
818,Genevra,Roseburgh,groseburghmp@goo.gl,Polygender
819,Arly,Parram,aparrammq@dailymail.co.uk,Agender
820,Deana,Gallihawk,dgallihawkmr@marketwatch.com,Non-binary
821,Josias,Bassindale,jbassindalems@usnews.com,Genderfluid
822,Duff,Asplin,dasplinmt@aboutads.info,Male
823,Alec,Bobasch,abobaschmu@imdb.com,Bigender
824,Mellisent,Beazley,mbeazleymv@paginegialle.it,Non-binary
825,Obadiah,Jeeks,ojeeksmw@mapquest.com,Non-binary
826,Ellie,Bromet,ebrometmx@csmonitor.com,Agender
827,Manon,Dumbar,mdumbarmy@foxnews.com,Female
828,Arni,Heazel,aheazelmz@instagram.com,Bigender
829,Mariya,Freschi,mfreschin0@yale.edu,Genderqueer
830,Cristal,Larcier,clarciern1@chron.com,Male
831,Friedrick,Floris,fflorisn2@macromedia.com,Genderfluid
832,Nina,Lagneaux,nlagneauxn3@blogger.com,Non-binary
833,Andeee,Sallinger,asallingern4@who.int,Male
834,Sharl,Guiu,sguiun5@stanford.edu,Female
835,Jacynth,Mardall,jmardalln6@newyorker.com,Genderfluid
836,Nil,Grout,ngroutn7@altervista.org,Genderqueer
837,Lotta,Kupper,lkuppern8@wix.com,Agender
838,Sean,Tothe,stothen9@homestead.com,Agender
839,Clyde,Bayldon,cbayldonna@mozilla.org,Polygender
840,Avery,Hamil,ahamilnb@shop-pro.jp,Female
841,Harris,Mackleden,hmackledennc@squarespace.com,Polygender
842,Rochette,Graber,rgrabernd@craigslist.org,Female
843,Parsifal,Deverille,pdeverillene@cargocollective.com,Female
844,Kelsey,Gierth,kgierthnf@nhs.uk,Polygender
845,Daphna,Farnworth,dfarnworthng@buzzfeed.com,Female
846,Evan,Tucknott,etucknottnh@istockphoto.com,Non-binary
847,Joelynn,Pedrielli,jpedriellini@flickr.com,Agender
848,Todd,Giacomazzo,tgiacomazzonj@weather.com,Male
849,Brenden,Wood,bwoodnk@woothemes.com,Non-binary
850,Horace,Longhurst,hlonghurstnl@furl.net,Agender
851,Jarad,Trousdell,jtrousdellnm@devhub.com,Female
852,Hadrian,Grannell,hgrannellnn@hubpages.com,Non-binary
853,Nara,Streeton,nstreetonno@google.es,Female
854,Karlens,Cathie,kcathienp@gnu.org,Bigender
855,Karena,Twiddy,ktwiddynq@cafepress.com,Female
856,Dylan,Drysdell,ddrysdellnr@github.com,Non-binary
857,Bengt,Mandell,bmandellns@ebay.com,Polygender
858,Raymond,Petrie,rpetrient@github.io,Female
859,Aube,Tribbeck,atribbecknu@aol.com,Polygender
860,Susan,Dibdin,sdibdinnv@google.pl,Genderfluid
861,Gino,Bottjer,gbottjernw@cnet.com,Non-binary
862,Dania,Plewright,dplewrightnx@phoca.cz,Agender
863,Gwenni,Thomas,gthomasny@eventbrite.com,Polygender
864,Sheryl,Elmer,selmernz@theguardian.com,Male
865,Aguste,Shelvey,ashelveyo0@cafepress.com,Male
866,Guilbert,Stickford,gstickfordo1@statcounter.com,Female
867,Aarika,Durker,adurkero2@behance.net,Bigender
868,Perrine,Bending,pbendingo3@examiner.com,Genderfluid
869,Binky,Raw,brawo4@cnet.com,Bigender
870,Auberta,D'Ambrogio,adambrogioo5@hubpages.com,Agender
871,Cazzie,Phythean,cphytheano6@cafepress.com,Female
872,Bryanty,Extil,bextilo7@jimdo.com,Non-binary
873,Chaim,Weekes,cweekeso8@trellian.com,Genderfluid
874,Heath,Cargo,hcargoo9@princeton.edu,Agender
875,Brett,Whitwood,bwhitwoodoa@salon.com,Genderfluid
876,Gnni,Davis,gdavisob@biblegateway.com,Genderfluid
877,Prescott,Thomazet,pthomazetoc@cisco.com,Genderfluid
878,Dicky,Moralis,dmoralisod@shop-pro.jp,Bigender
879,Ola,Sperling,osperlingoe@shinystat.com,Male
880,Una,Sherrett,usherrettof@cargocollective.com,Bigender
881,Debora,Barthel,dbarthelog@photobucket.com,Female
882,Sianna,Meigh,smeighoh@vinaora.com,Genderqueer
883,Ardys,Barehead,abareheadoi@pbs.org,Genderqueer
884,Frans,Crighton,fcrightonoj@dot.gov,Genderfluid
885,Rhody,Mirfield,rmirfieldok@shinystat.com,Polygender
886,Lory,Wardall,lwardallol@narod.ru,Genderqueer
887,Diannne,Woolerton,dwoolertonom@deviantart.com,Male
888,Marybeth,Tudball,mtudballon@hibu.com,Genderfluid
889,Veronike,Teck,vteckoo@friendfeed.com,Genderfluid
890,Anne-corinne,Lovel,alovelop@omniture.com,Genderqueer
891,Thorvald,Tandey,ttandeyoq@xrea.com,Male
892,Ulrikaumeko,Capstaff,ucapstaffor@wisc.edu,Male
893,Dot,Barwack,dbarwackos@disqus.com,Genderfluid
894,Bo,Screeton,bscreetonot@cocolog-nifty.com,Male
895,Fanya,Krysztofowicz,fkrysztofowiczou@jugem.jp,Female
896,Tybi,Walden,twaldenov@ca.gov,Female
897,Vidovik,Thicking,vthickingow@woothemes.com,Polygender
898,Putnem,Guiness,pguinessox@webmd.com,Genderqueer
899,Alexander,Dobie,adobieoy@google.nl,Non-binary
900,Brett,Utteridge,butteridgeoz@linkedin.com,Male
901,Frederique,Banker,fbankerp0@nyu.edu,Non-binary
902,Lindsy,Eldershaw,leldershawp1@va.gov,Non-binary
903,Hendrick,Lillie,hlilliep2@facebook.com,Female
904,Hermie,Worboys,hworboysp3@linkedin.com,Female
905,Urson,Sunter,usunterp4@soundcloud.com,Bigender
906,Chan,Allone,callonep5@ft.com,Polygender
907,Basil,Gagan,bgaganp6@webmd.com,Polygender
908,Obadiah,Dorrington,odorringtonp7@mapquest.com,Non-binary
909,Mortie,Gange,mgangep8@aboutads.info,Non-binary
910,Merrile,Martinat,mmartinatp9@omniture.com,Female
911,Kiri,Petyankin,kpetyankinpa@ovh.net,Genderfluid
912,Marjie,Urwen,murwenpb@auda.org.au,Bigender
913,Celinka,Piner,cpinerpc@pcworld.com,Bigender
914,Nerita,Copson,ncopsonpd@xrea.com,Non-binary
915,Hyacintha,O'Mara,homarape@wordpress.com,Non-binary
916,Nikolai,Stairmand,nstairmandpf@domainmarket.com,Genderfluid
917,Mick,Berrigan,mberriganpg@altervista.org,Non-binary
918,Selinda,Lampl,slamplph@google.it,Polygender
919,Hyacintha,Alway,halwaypi@fastcompany.com,Genderqueer
920,Weston,Shurmer,wshurmerpj@amazon.co.uk,Genderqueer
921,Brunhilde,Dachs,bdachspk@over-blog.com,Polygender
922,Umeko,Goneau,ugoneaupl@ftc.gov,Female
923,Vinny,Dawidowitsch,vdawidowitschpm@aol.com,Female
924,Gretchen,Curbishley,gcurbishleypn@dell.com,Agender
925,Brion,Di Claudio,bdiclaudiopo@adobe.com,Genderqueer
926,Reinold,Scroggins,rscrogginspp@tripadvisor.com,Non-binary
927,Marjy,Wellbank,mwellbankpq@princeton.edu,Genderqueer
928,Belva,Karran,bkarranpr@tripadvisor.com,Male
929,Keir,Philot,kphilotps@shinystat.com,Polygender
930,Yehudi,Pudden,ypuddenpt@jiathis.com,Non-binary
931,Sybilla,Geering,sgeeringpu@prnewswire.com,Genderfluid
932,Hilton,Andrea,handreapv@cbsnews.com,Genderqueer
933,Naoma,Hancell,nhancellpw@freewebs.com,Genderqueer
934,Jorey,Towey,jtoweypx@hc360.com,Male
935,Danyette,Kleen,dkleenpy@go.com,Genderfluid
936,Johannah,Goly,jgolypz@businessweek.com,Non-binary
937,Willette,Annott,wannottq0@europa.eu,Male
938,Salem,Blampy,sblampyq1@comsenz.com,Non-binary
939,Halette,Alflat,halflatq2@nasa.gov,Agender
940,Napoleon,Sawley,nsawleyq3@tripadvisor.com,Genderfluid
941,Manda,Aiton,maitonq4@cafepress.com,Non-binary
942,Thomasine,Unwin,tunwinq5@bluehost.com,Bigender
943,Zebedee,Clyde,zclydeq6@artisteer.com,Genderfluid
944,Major,Gaywood,mgaywoodq7@imageshack.us,Non-binary
945,Etti,Cluelow,ecluelowq8@bluehost.com,Non-binary
946,Carolee,Devil,cdevilq9@walmart.com,Agender
947,Arvy,Odlin,aodlinqa@kickstarter.com,Female
948,Tucker,Gruby,tgrubyqb@fda.gov,Polygender
949,Beale,Bloy,bbloyqc@tinypic.com,Female
950,Germaine,Scriver,gscriverqd@lycos.com,Agender
951,Job,Hosier,jhosierqe@pagesperso-orange.fr,Bigender
952,Jessie,Polak,jpolakqf@cloudflare.com,Agender
953,Ainslie,Blanchet,ablanchetqg@canalblog.com,Female
954,Marilee,Cambling,mcamblingqh@booking.com,Non-binary
955,Rubi,Breznovic,rbreznovicqi@usatoday.com,Non-binary
956,Gilbert,Gomar,ggomarqj@wp.com,Bigender
957,Bren,Spilsbury,bspilsburyqk@independent.co.uk,Male
958,Clem,Cubley,ccubleyql@360.cn,Male
959,Ewell,Greatbanks,egreatbanksqm@netlog.com,Polygender
960,Fidela,Milligan,fmilliganqn@examiner.com,Polygender
961,Brant,Shrieves,bshrievesqo@hud.gov,Agender
962,Cad,Mulrean,cmulreanqp@creativecommons.org,Male
963,Lynea,Neesam,lneesamqq@a8.net,Bigender
964,Enrique,MacGillavery,emacgillaveryqr@biblegateway.com,Genderfluid
965,Fredrick,Sponder,fsponderqs@intel.com,Bigender
966,Rebecca,Serrell,rserrellqt@lycos.com,Agender
967,Nisse,Poynter,npoynterqu@bing.com,Genderqueer
968,Ingram,Devaney,idevaneyqv@imgur.com,Genderqueer
969,Dru,Ridwood,dridwoodqw@yellowbook.com,Bigender
970,Ellen,Rabier,erabierqx@ftc.gov,Female
971,Irena,Cleminshaw,icleminshawqy@github.io,Agender
972,Fidelio,Snoxall,fsnoxallqz@ow.ly,Genderfluid
973,Michaeline,Fenney,mfenneyr0@tamu.edu,Genderfluid
974,Laura,Sywell,lsywellr1@telegraph.co.uk,Female
975,Leo,Rentoll,lrentollr2@over-blog.com,Female
976,Beverlee,Egan,beganr3@nba.com,Female
977,Giovanni,Cattanach,gcattanachr4@nifty.com,Polygender
978,Kit,Roskelly,kroskellyr5@zdnet.com,Bigender
979,Gaile,Lindwasser,glindwasserr6@harvard.edu,Non-binary
980,Nettle,Lyvon,nlyvonr7@msu.edu,Polygender
981,Lorenzo,Blacklidge,lblacklidger8@odnoklassniki.ru,Bigender
982,Emelia,Mapis,emapisr9@usda.gov,Polygender
983,Rosalyn,Jeanesson,rjeanessonra@dedecms.com,Bigender
984,Andy,Gonnelly,agonnellyrb@amazon.de,Male
985,Helaina,Singleton,hsingletonrc@prnewswire.com,Agender
986,Mandel,Peotz,mpeotzrd@wix.com,Female
987,Mitch,Face,mfacere@jigsy.com,Female
988,Harmon,Attryde,hattryderf@flavors.me,Genderfluid
989,Lida,Devoy,ldevoyrg@de.vu,Agender
990,Marlie,Cleyne,mcleynerh@seattletimes.com,Agender
991,Hailey,Walewski,hwalewskiri@un.org,Genderqueer
992,Darill,Knowlys,dknowlysrj@bluehost.com,Agender
993,Rickard,Doles,rdolesrk@toplist.cz,Genderqueer
994,Selie,Bottrell,sbottrellrl@narod.ru,Polygender
995,Natale,Boulton,nboultonrm@nature.com,Bigender
996,Broderick,Lapwood,blapwoodrn@yahoo.com,Genderfluid
997,Stanly,Foran,sforanro@networksolutions.com,Genderqueer
998,Nanette,Burndred,nburndredrp@blog.com,Male
999,Broderic,Dulinty,bdulintyrq@chicagotribune.com,Male
1000,Ephrayim,Paice,epaicerr@hc360.com,Bigender
