id,first_name,last_name,email,gender
1,Aurel,Somner,asomner0@msu.edu,Female
2,Ali,Sellack,asellack1@dagondesign.com,Female
3,Lurline,Stonbridge,lstonbridge2@networksolutions.com,Genderfluid
4,Odele,Blunsen,oblunsen3@guardian.co.uk,Bigender
5,Hermann,Glennie,hglennie4@sina.com.cn,Bigender
6,Kareem,Goodliff,kgoodliff5@marketwatch.com,Female
7,Sela,Keppe,skeppe6@theatlantic.com,Male
8,Gaspard,Manvell,gmanvell7@vinaora.com,Genderqueer
9,Nonah,Crunkhurn,ncrunkhurn8@ibm.com,Female
10,Delmore,Speachley,dspeachley9@opera.com,Non-binary
11,Willis,Heggie,wheggiea@blog.com,Genderfluid
12,Keeley,Ingliby,kinglibyb@cmu.edu,Female
13,Theodosia,Von Oertzen,tvonoertzenc@princeton.edu,Non-binary
14,Andreas,Bear,abeard@examiner.com,Non-binary
15,Deloris,Baumford,dbaumforde@addtoany.com,Male
16,Galvin,Wyeld,gwyeldf@usda.gov,Female
17,Dennet,Blowers,dblowersg@irs.gov,Polygender
18,La verne,Measham,lmeashamh@eventbrite.com,Non-binary
19,Boycie,Allbones,ballbonesi@sohu.com,Female
20,Bale,Delany,bdelanyj@twitter.com,Bigender
21,Corly,Swalough,cswaloughk@multiply.com,Non-binary
22,Arman,Gough,agoughl@netscape.com,Agender
23,Yoshiko,Ibbs,yibbsm@webeden.co.uk,Agender
24,Saul,Winscomb,swinscombn@geocities.com,Bigender
25,Loella,Bradbeer,lbradbeero@ehow.com,Bigender
26,Kirsti,Gamet,kgametp@ucoz.com,Agender
27,Tuesday,Beetles,tbeetlesq@miibeian.gov.cn,Non-binary
28,Allistir,Yakuntsov,ayakuntsovr@webs.com,Male
29,Jo-ann,Enstone,jenstones@newyorker.com,Non-binary
30,Wadsworth,McBrearty,wmcbreartyt@youtube.com,Bigender
31,Eugene,Heijne,eheijneu@1688.com,Female
32,Cordelie,Draysey,cdrayseyv@opera.com,Genderfluid
33,Antons,Chambers,achambersw@icio.us,Genderfluid
34,Katti,Cozins,kcozinsx@hubpages.com,Agender
35,Margit,Rack,mracky@redcross.org,Bigender
36,Thorn,Witchard,twitchardz@bloomberg.com,Non-binary
37,Algernon,Moyce,amoyce10@dot.gov,Genderfluid
38,Lyndel,Butteris,lbutteris11@imgur.com,Male
39,Towny,Laurenceau,tlaurenceau12@cloudflare.com,Genderfluid
40,Maddie,Pods,mpods13@plala.or.jp,Female
41,Bevin,Beartup,bbeartup14@engadget.com,Polygender
42,Ulysses,Myton,umyton15@forbes.com,Non-binary
43,Rici,Almack,ralmack16@smugmug.com,Genderqueer
44,Monty,Carlesi,mcarlesi17@furl.net,Non-binary
45,Sorcha,Thomesson,sthomesson18@ucoz.com,Non-binary
46,Jackqueline,Iskowicz,jiskowicz19@loc.gov,Genderqueer
47,Imelda,Leece,ileece1a@marketwatch.com,Polygender
48,Hephzibah,Grolmann,hgrolmann1b@sourceforge.net,Genderfluid
49,Libbey,Figg,lfigg1c@wordpress.org,Non-binary
50,Elizabet,Paulich,epaulich1d@shareasale.com,Genderqueer
51,Carroll,Biagini,cbiagini1e@deliciousdays.com,Polygender
52,Adria,Poe,apoe1f@yelp.com,Agender
53,Allister,Bergen,abergen1g@dailymotion.com,Female
54,Lion,Gosson,lgosson1h@ebay.com,Polygender
55,Finlay,Guerreiro,fguerreiro1i@epa.gov,Genderfluid
56,Robb,Van Vuuren,rvanvuuren1j@smugmug.com,Agender
57,Gertie,Syers,gsyers1k@sciencedirect.com,Female
58,Tanny,Eustes,teustes1l@jugem.jp,Agender
59,Lilas,Cromb,lcromb1m@youtube.com,Male
60,Josephina,Schoolfield,jschoolfield1n@reverbnation.com,Polygender
61,Deerdre,Sergent,dsergent1o@dailymail.co.uk,Female
62,Francesco,Pershouse,fpershouse1p@epa.gov,Polygender
63,Coretta,Halward,chalward1q@netlog.com,Non-binary
64,Evelyn,Yurtsev,eyurtsev1r@independent.co.uk,Polygender
65,Cale,Toogood,ctoogood1s@1688.com,Bigender
66,Minnaminnie,Dowda,mdowda1t@exblog.jp,Bigender
67,Chrissy,Gwinnel,cgwinnel1u@fema.gov,Genderqueer
68,Kerwinn,Baudin,kbaudin1v@comcast.net,Non-binary
69,Pooh,Dameisele,pdameisele1w@craigslist.org,Polygender
70,Brody,Ungerer,bungerer1x@nba.com,Female
71,Merrill,Sawdy,msawdy1y@privacy.gov.au,Genderqueer
72,Coriss,Jellard,cjellard1z@sohu.com,Non-binary
73,Catlaina,Bettesworth,cbettesworth20@un.org,Agender
74,Daryl,Abramovici,dabramovici21@edublogs.org,Genderqueer
75,Cyndy,Denekamp,cdenekamp22@acquirethisname.com,Genderqueer
76,Chariot,Lasselle,classelle23@msu.edu,Genderqueer
77,Valli,Tchaikovsky,vtchaikovsky24@redcross.org,Male
78,Merissa,FitzGilbert,mfitzgilbert25@hhs.gov,Genderfluid
79,Crysta,Cersey,ccersey26@trellian.com,Genderqueer
80,Loydie,Snoxall,lsnoxall27@vk.com,Genderfluid
81,Bondy,Lambert-Ciorwyn,blambertciorwyn28@wikispaces.com,Agender
82,Abbie,Robottham,arobottham29@mapquest.com,Female
83,Shayne,Woolam,swoolam2a@scribd.com,Genderfluid
84,Nichols,Beale,nbeale2b@usatoday.com,Bigender
85,Myrwyn,Kubecka,mkubecka2c@google.co.jp,Polygender
86,Cherish,Croce,ccroce2d@constantcontact.com,Female
87,Blane,Annwyl,bannwyl2e@github.com,Genderfluid
88,Tiffy,Reddell,treddell2f@sfgate.com,Male
89,Melisenda,Broader,mbroader2g@blinklist.com,Polygender
90,Cleve,Pocock,cpocock2h@zimbio.com,Polygender
91,Nicolle,Dudbridge,ndudbridge2i@facebook.com,Bigender
92,Farly,Pullman,fpullman2j@nydailynews.com,Genderfluid
93,Chandler,Pinel,cpinel2k@cisco.com,Agender
94,Dalli,Shieldon,dshieldon2l@wordpress.org,Genderqueer
95,Adella,Duchant,aduchant2m@statcounter.com,Male
96,Hazel,Fritzer,hfritzer2n@unesco.org,Genderfluid
97,Orelle,Meatyard,omeatyard2o@fda.gov,Bigender
98,Bell,Huniwall,bhuniwall2p@xinhuanet.com,Non-binary
99,Coleman,Nurden,cnurden2q@weather.com,Bigender
100,Gianni,Growcott,ggrowcott2r@eepurl.com,Agender
101,Norrie,Votier,nvotier2s@spiegel.de,Genderfluid
102,Dniren,Raymond,draymond2t@businesswire.com,Male
103,Ellene,Bosch,ebosch2u@buzzfeed.com,Genderqueer
104,Mar,Jurs,mjurs2v@cbc.ca,Genderfluid
105,Jenine,Davson,jdavson2w@amazonaws.com,Bigender
106,Ranna,Barnwille,rbarnwille2x@reddit.com,Female
107,Darnell,Screeton,dscreeton2y@about.com,Agender
108,Joanna,Richmont,jrichmont2z@hud.gov,Genderfluid
109,Boy,Figger,bfigger30@jalbum.net,Bigender
110,June,Wiskar,jwiskar31@sakura.ne.jp,Female
111,Winni,Altham,waltham32@topsy.com,Female
112,Linc,Obey,lobey33@cnbc.com,Polygender
113,Erv,Mabone,emabone34@ucoz.ru,Female
114,Paddy,Diggens,pdiggens35@dagondesign.com,Non-binary
115,Pauletta,Dugdale,pdugdale36@auda.org.au,Female
116,Wilton,Clues,wclues37@dailymail.co.uk,Bigender
117,Sully,Triplow,striplow38@reverbnation.com,Polygender
118,Malia,Tesh,mtesh39@gmpg.org,Female
119,Scot,Desantis,sdesantis3a@chicagotribune.com,Genderqueer
120,Niven,Ridpath,nridpath3b@vinaora.com,Female
121,Rafe,Peatman,rpeatman3c@surveymonkey.com,Genderfluid
122,Shayna,Maypole,smaypole3d@illinois.edu,Non-binary
123,Yovonnda,Mecchi,ymecchi3e@altervista.org,Agender
124,Siouxie,Spleving,sspleving3f@histats.com,Genderqueer
125,Hana,Kerrich,hkerrich3g@godaddy.com,Non-binary
126,Sawyere,Pietesch,spietesch3h@squarespace.com,Polygender
127,Quinlan,Norwood,qnorwood3i@booking.com,Female
128,Claresta,Hulmes,chulmes3j@nasa.gov,Female
129,Herby,Tapscott,htapscott3k@upenn.edu,Genderqueer
130,Ali,Bertelet,abertelet3l@last.fm,Male
131,Misti,Ambresin,mambresin3m@arstechnica.com,Polygender
132,Horatius,Vize,hvize3n@360.cn,Agender
133,Byram,Golly,bgolly3o@reverbnation.com,Agender
134,Broderic,Fosdick,bfosdick3p@mayoclinic.com,Bigender
135,Eilis,Bousfield,ebousfield3q@com.com,Genderqueer
136,Stephenie,Large,slarge3r@163.com,Female
137,Natasha,Louder,nlouder3s@163.com,Agender
138,Elana,Bunce,ebunce3t@networksolutions.com,Non-binary
139,Bernita,Filov,bfilov3u@cbc.ca,Non-binary
140,Suzie,McCarlich,smccarlich3v@hud.gov,Male
141,Maurise,Flute,mflute3w@umn.edu,Polygender
142,Garland,Burndred,gburndred3x@t.co,Genderqueer
143,Zenia,Hurworth,zhurworth3y@vistaprint.com,Genderfluid
144,Jacqueline,Ollie,jollie3z@theatlantic.com,Female
145,Marcelia,Sawford,msawford40@com.com,Female
146,Agata,Hoyt,ahoyt41@tmall.com,Agender
147,Olivier,McFadin,omcfadin42@youtube.com,Bigender
148,Halette,Spincke,hspincke43@exblog.jp,Agender
149,Almira,Bride,abride44@narod.ru,Genderqueer
150,Dolf,Kennewell,dkennewell45@ed.gov,Non-binary
151,Kira,Gillogley,kgillogley46@bluehost.com,Genderqueer
152,Serene,Ginnally,sginnally47@eventbrite.com,Genderfluid
153,Minnie,Markie,mmarkie48@acquirethisname.com,Male
154,Hart,Southwell,hsouthwell49@canalblog.com,Agender
155,Ferrel,Dreelan,fdreelan4a@netlog.com,Male
156,Tonie,Matz,tmatz4b@jalbum.net,Female
157,Whit,Tilburn,wtilburn4c@studiopress.com,Non-binary
158,Ewan,Vaughton,evaughton4d@rediff.com,Female
159,Godart,Drewery,gdrewery4e@bbb.org,Genderqueer
160,Lorraine,Castanaga,lcastanaga4f@irs.gov,Genderfluid
161,Robina,Bensen,rbensen4g@globo.com,Genderfluid
162,Kelley,Drinan,kdrinan4h@booking.com,Bigender
163,Lucienne,Spurett,lspurett4i@tmall.com,Bigender
164,Margarita,Whitten,mwhitten4j@nba.com,Male
165,Calypso,Jarlmann,cjarlmann4k@comsenz.com,Agender
166,Velma,Dunmore,vdunmore4l@oracle.com,Genderqueer
167,Zulema,O' Flaherty,zoflaherty4m@huffingtonpost.com,Agender
168,Minor,Gumery,mgumery4n@whitehouse.gov,Bigender
169,Benito,Hankinson,bhankinson4o@google.ca,Non-binary
170,Aubrie,Pucker,apucker4p@netlog.com,Bigender
171,Albina,Ramas,aramas4q@wsj.com,Bigender
172,Elladine,Mozzini,emozzini4r@unesco.org,Agender
173,Frankie,Pimerick,fpimerick4s@e-recht24.de,Non-binary
174,Maddy,Cardnell,mcardnell4t@is.gd,Polygender
175,Shae,Myrtle,smyrtle4u@infoseek.co.jp,Non-binary
176,Leshia,Sonley,lsonley4v@linkedin.com,Bigender
177,Merridie,Casterton,mcasterton4w@cargocollective.com,Genderfluid
178,Alwyn,Duguid,aduguid4x@addthis.com,Female
179,Nikolaos,Golagley,ngolagley4y@themeforest.net,Genderfluid
180,Barbi,Malmar,bmalmar4z@pinterest.com,Non-binary
181,Ranique,Shea,rshea50@vistaprint.com,Genderfluid
182,Abie,Keady,akeady51@eventbrite.com,Agender
183,Donetta,Levis,dlevis52@deviantart.com,Genderqueer
184,Tucky,Wrathmell,twrathmell53@tumblr.com,Genderfluid
185,Cassondra,Snasel,csnasel54@webs.com,Genderqueer
186,Bryn,Boardman,bboardman55@state.tx.us,Female
187,Ragnar,Joul,rjoul56@com.com,Bigender
188,Sarene,Hilley,shilley57@jalbum.net,Polygender
189,Gates,Carpe,gcarpe58@google.ca,Agender
190,Jody,Janu,jjanu59@usda.gov,Agender
191,Brice,Shipcott,bshipcott5a@bloglines.com,Female
192,Gottfried,Widdecombe,gwiddecombe5b@dell.com,Agender
193,Griffie,Bernetti,gbernetti5c@nature.com,Non-binary
194,Alvinia,Vescovo,avescovo5d@nydailynews.com,Male
195,Lia,Brockwell,lbrockwell5e@redcross.org,Polygender
196,Johnathan,Bengough,jbengough5f@irs.gov,Genderfluid
197,Xerxes,Stear,xstear5g@ucoz.com,Polygender
198,Thibaut,Halms,thalms5h@sogou.com,Bigender
199,Darb,Gorse,dgorse5i@about.me,Genderqueer
200,Lizbeth,Yaldren,lyaldren5j@reference.com,Bigender
201,Weber,Geratasch,wgeratasch5k@bloglines.com,Agender
202,Hedi,Kinny,hkinny5l@posterous.com,Agender
203,Farley,Penney,fpenney5m@rambler.ru,Polygender
204,Lina,Yokel,lyokel5n@loc.gov,Agender
205,Sephira,Boldra,sboldra5o@amazon.co.uk,Bigender
206,Dermot,Danielsson,ddanielsson5p@answers.com,Genderqueer
207,Kati,Cleal,kcleal5q@cocolog-nifty.com,Bigender
208,Rickert,Berget,rberget5r@nih.gov,Genderfluid
209,Hugibert,Nolli,hnolli5s@wikipedia.org,Non-binary
210,Max,Pedroni,mpedroni5t@skyrock.com,Agender
211,Gabbey,Capstake,gcapstake5u@senate.gov,Male
212,Heather,Nicolson,hnicolson5v@alibaba.com,Female
213,Rozalin,MacGillivray,rmacgillivray5w@shinystat.com,Non-binary
214,Abbot,Brantl,abrantl5x@prweb.com,Non-binary
215,Gerda,Streeting,gstreeting5y@bing.com,Bigender
216,Ignazio,Tegler,itegler5z@irs.gov,Female
217,Wilow,Tower,wtower60@icq.com,Bigender
218,Flo,Beaumont,fbeaumont61@meetup.com,Female
219,Fredric,Klageman,fklageman62@abc.net.au,Agender
220,Gabi,Dugdale,gdugdale63@hc360.com,Bigender
221,Ezechiel,Labadini,elabadini64@nationalgeographic.com,Male
222,Mortie,Blackden,mblackden65@theglobeandmail.com,Genderfluid
223,Olga,Janik,ojanik66@i2i.jp,Female
224,Sibbie,Hovington,shovington67@whitehouse.gov,Non-binary
225,Florella,Leneve,fleneve68@cyberchimps.com,Non-binary
226,Zsazsa,Eustice,zeustice69@trellian.com,Non-binary
227,Haleigh,Bunn,hbunn6a@exblog.jp,Bigender
228,Farrel,Syddall,fsyddall6b@eventbrite.com,Polygender
229,Yorgos,Barzen,ybarzen6c@ed.gov,Bigender
230,Sandro,Choppen,schoppen6d@ucoz.ru,Female
231,Talbot,Tavernor,ttavernor6e@t-online.de,Genderfluid
232,Dre,Shinton,dshinton6f@unblog.fr,Polygender
233,Ryun,Handley,rhandley6g@ocn.ne.jp,Non-binary
234,Torie,Ubee,tubee6h@yelp.com,Genderqueer
235,Else,Kemm,ekemm6i@vinaora.com,Agender
236,Johnathon,Matcham,jmatcham6j@bluehost.com,Bigender
237,Anthea,Addy,aaddy6k@pbs.org,Polygender
238,Nevile,Hearst,nhearst6l@feedburner.com,Genderfluid
239,Aryn,Bertin,abertin6m@constantcontact.com,Female
240,Shelley,Skym,sskym6n@desdev.cn,Non-binary
241,Dwain,Madigan,dmadigan6o@webmd.com,Bigender
242,Minette,Davidsen,mdavidsen6p@stanford.edu,Genderqueer
243,Russell,Umfrey,rumfrey6q@qq.com,Female
244,Lilia,Oldnall,loldnall6r@chron.com,Genderqueer
245,Stanislas,Whitley,swhitley6s@howstuffworks.com,Non-binary
246,Shepard,Kelby,skelby6t@posterous.com,Female
247,Janis,Flobert,jflobert6u@utexas.edu,Polygender
248,Arabela,Cobb,acobb6v@ucoz.ru,Agender
249,Mavra,Fettis,mfettis6w@zimbio.com,Agender
250,Siward,Wagner,swagner6x@exblog.jp,Male
251,Chic,Vergo,cvergo6y@devhub.com,Genderfluid
252,Melamie,Oattes,moattes6z@webeden.co.uk,Genderqueer
253,Rosmunda,Syrad,rsyrad70@buzzfeed.com,Female
254,Paulo,Cattell,pcattell71@icio.us,Bigender
255,Elinore,Brayn,ebrayn72@ameblo.jp,Agender
256,Horton,Bruntjen,hbruntjen73@guardian.co.uk,Agender
257,Walliw,Muzzillo,wmuzzillo74@reuters.com,Genderqueer
258,Beulah,Dog,bdog75@php.net,Genderfluid
259,Anders,Courtman,acourtman76@nyu.edu,Female
260,Lorry,Linck,llinck77@photobucket.com,Agender
261,Luella,Oleszczak,loleszczak78@creativecommons.org,Male
262,Gav,Finders,gfinders79@technorati.com,Male
263,Astra,Salandino,asalandino7a@skyrock.com,Genderfluid
264,Donn,Seally,dseally7b@nhs.uk,Bigender
265,Edithe,Iori,eiori7c@usgs.gov,Agender
266,Sari,Grevel,sgrevel7d@harvard.edu,Genderfluid
267,Lenore,Knowlys,lknowlys7e@youku.com,Non-binary
268,Josie,Antowski,jantowski7f@arizona.edu,Female
269,Annmaria,Leece,aleece7g@economist.com,Bigender
270,Eveleen,Golagley,egolagley7h@goo.gl,Agender
271,Jamil,Dilon,jdilon7i@usa.gov,Male
272,Binny,Gasgarth,bgasgarth7j@springer.com,Genderqueer
273,Adler,Dymocke,adymocke7k@globo.com,Female
274,Fionna,Manton,fmanton7l@networksolutions.com,Male
275,Woodrow,Struan,wstruan7m@live.com,Agender
276,Raleigh,Gricks,rgricks7n@army.mil,Polygender
277,Mercy,Woolrich,mwoolrich7o@cpanel.net,Agender
278,Matthieu,Trowle,mtrowle7p@tripadvisor.com,Male
279,Jeromy,Sedwick,jsedwick7q@un.org,Genderfluid
280,Patrizius,Self,pself7r@yellowbook.com,Genderqueer
281,Vitoria,Garthland,vgarthland7s@nydailynews.com,Female
282,Felicdad,Simanek,fsimanek7t@answers.com,Genderfluid
283,Augusto,Bigglestone,abigglestone7u@simplemachines.org,Female
284,Willie,Hattersley,whattersley7v@weibo.com,Male
285,Michelina,Beddall,mbeddall7w@google.nl,Bigender
286,Tiena,de Quincey,tdequincey7x@time.com,Polygender
287,Sherwynd,Crummy,scrummy7y@sun.com,Polygender
288,Osbourne,Wegner,owegner7z@yolasite.com,Polygender
289,Conny,Minchi,cminchi80@photobucket.com,Male
290,Murray,Ansley,mansley81@cmu.edu,Genderfluid
291,Reena,McGurgan,rmcgurgan82@yale.edu,Male
292,Launce,Tomaszkiewicz,ltomaszkiewicz83@ebay.co.uk,Genderqueer
293,Weston,Convery,wconvery84@livejournal.com,Male
294,Garreth,Broader,gbroader85@weather.com,Male
295,Rhiamon,Dilley,rdilley86@netlog.com,Non-binary
296,Victoria,Jarry,vjarry87@ezinearticles.com,Female
297,Victor,Hanes,vhanes88@icq.com,Genderfluid
298,Honoria,Slyman,hslyman89@nymag.com,Polygender
299,Babara,Ghio,bghio8a@samsung.com,Agender
300,Helge,Rablen,hrablen8b@mit.edu,Female
301,Curtice,Sales,csales8c@weibo.com,Female
302,Frazer,Brumfield,fbrumfield8d@behance.net,Polygender
303,Charlotta,Hars,chars8e@smh.com.au,Bigender
304,Maude,Lenz,mlenz8f@house.gov,Genderfluid
305,Evelyn,Illsley,eillsley8g@merriam-webster.com,Polygender
306,Catherin,Goncalo,cgoncalo8h@phoca.cz,Polygender
307,Datha,Lowdiane,dlowdiane8i@howstuffworks.com,Agender
308,Gena,Shiel,gshiel8j@tmall.com,Genderqueer
309,Star,Monan,smonan8k@facebook.com,Bigender
310,Maryjo,Cornick,mcornick8l@xrea.com,Genderqueer
311,Corella,Hairesnape,chairesnape8m@wikipedia.org,Genderqueer
312,Antons,Edgars,aedgars8n@goodreads.com,Female
313,Bonny,Hanscome,bhanscome8o@twitter.com,Bigender
314,Elva,Southwell,esouthwell8p@acquirethisname.com,Genderqueer
315,Ginelle,Bischof,gbischof8q@globo.com,Female
316,Torie,Finley,tfinley8r@europa.eu,Female
317,Lissy,Worge,lworge8s@mit.edu,Genderqueer
318,Maggi,Winckle,mwinckle8t@cafepress.com,Male
319,Julio,Arnoult,jarnoult8u@lycos.com,Polygender
320,Pet,Shannahan,pshannahan8v@aboutads.info,Male
321,Walton,Ismead,wismead8w@liveinternet.ru,Genderfluid
322,Wernher,Jansema,wjansema8x@infoseek.co.jp,Genderqueer
323,Dirk,State,dstate8y@merriam-webster.com,Genderqueer
324,Jody,Beranek,jberanek8z@etsy.com,Male
325,Aubrey,Elleyne,aelleyne90@live.com,Genderfluid
326,Elsi,Sabater,esabater91@mapquest.com,Non-binary
327,Viole,Levet,vlevet92@youtube.com,Polygender
328,Goran,Hallad,ghallad93@mtv.com,Genderqueer
329,Marj,Churms,mchurms94@phoca.cz,Polygender
330,Putnem,Biskupek,pbiskupek95@netscape.com,Bigender
331,Ardelis,Lindemann,alindemann96@i2i.jp,Male
332,Jan,Cowans,jcowans97@irs.gov,Female
333,Ebba,Wills,ewills98@pcworld.com,Non-binary
334,Sandra,Breewood,sbreewood99@ning.com,Agender
335,Helga,Cottee,hcottee9a@hibu.com,Agender
336,Giuseppe,McRitchie,gmcritchie9b@addthis.com,Agender
337,Cole,Masic,cmasic9c@addtoany.com,Polygender
338,Eli,Nyssens,enyssens9d@wired.com,Agender
339,Zsa zsa,Toplis,ztoplis9e@google.com.hk,Agender
340,Judith,Craig,jcraig9f@issuu.com,Female
341,Marie,Suddick,msuddick9g@bloglovin.com,Genderqueer
342,Guilbert,Covely,gcovely9h@dailymotion.com,Genderfluid
343,Jonell,Casella,jcasella9i@usda.gov,Bigender
344,Corrie,Hennemann,chennemann9j@nifty.com,Non-binary
345,Meyer,Woofenden,mwoofenden9k@last.fm,Female
346,Duky,Harby,dharby9l@github.com,Polygender
347,Linus,Firks,lfirks9m@google.cn,Genderfluid
348,Nathaniel,Labitt,nlabitt9n@bigcartel.com,Genderqueer
349,Brnaby,Llewellen,bllewellen9o@t-online.de,Agender
350,Winnah,Giraudat,wgiraudat9p@mysql.com,Polygender
351,Roby,Watchorn,rwatchorn9q@liveinternet.ru,Genderfluid
352,Norah,McClinton,nmcclinton9r@opensource.org,Agender
353,Moishe,Escolme,mescolme9s@studiopress.com,Bigender
354,Jock,O'Currine,jocurrine9t@youtu.be,Genderqueer
355,Marybeth,Mirfield,mmirfield9u@java.com,Genderqueer
356,Jade,Lissandrini,jlissandrini9v@comsenz.com,Bigender
357,Forester,Drummond,fdrummond9w@wufoo.com,Female
358,Artie,O'Kennavain,aokennavain9x@fema.gov,Polygender
359,Ruthann,Huffer,rhuffer9y@domainmarket.com,Bigender
360,Angie,Dunbabin,adunbabin9z@aboutads.info,Non-binary
361,Shantee,Measom,smeasoma0@edublogs.org,Non-binary
362,Alyosha,Goodfellow,agoodfellowa1@si.edu,Female
363,Crichton,Twinn,ctwinna2@soundcloud.com,Male
364,Eustacia,Bramhill,ebramhilla3@pinterest.com,Genderfluid
365,Marieann,Laingmaid,mlaingmaida4@alexa.com,Genderqueer
366,Sunny,Camell,scamella5@vimeo.com,Polygender
367,Jacqueline,McAirt,jmcairta6@cbc.ca,Non-binary
368,Erastus,Grund,egrunda7@msu.edu,Agender
369,Barbie,Geibel,bgeibela8@yolasite.com,Genderqueer
370,Lynnelle,Branni,lbrannia9@blog.com,Genderqueer
371,Cacilie,Killwick,ckillwickaa@ustream.tv,Non-binary
372,Amalle,Figg,afiggab@parallels.com,Polygender
373,Starr,Joret,sjoretac@webnode.com,Polygender
374,Hettie,Feechan,hfeechanad@123-reg.co.uk,Polygender
375,Charis,Camamile,ccamamileae@t-online.de,Female
376,Nancee,Hoolaghan,nhoolaghanaf@cdbaby.com,Polygender
377,Simona,Fischer,sfischerag@tripod.com,Agender
378,Amity,Forsyde,aforsydeah@shareasale.com,Genderfluid
379,Grazia,Hamsley,ghamsleyai@businessweek.com,Female
380,Herminia,Scantleberry,hscantleberryaj@prnewswire.com,Male
381,Myles,Balazin,mbalazinak@eventbrite.com,Bigender
382,Elvis,Ledram,eledramal@fotki.com,Female
383,Kitti,Alldis,kalldisam@samsung.com,Non-binary
384,Paulie,Tunnock,ptunnockan@intel.com,Female
385,Liesa,Preon,lpreonao@twitpic.com,Genderqueer
386,Margit,Gerrett,mgerrettap@sourceforge.net,Female
387,Rogers,Bartlam,rbartlamaq@cloudflare.com,Non-binary
388,Tammie,Ledwich,tledwichar@gizmodo.com,Non-binary
389,Margarette,Davie,mdavieas@house.gov,Polygender
390,Guinna,Blackborn,gblackbornat@stanford.edu,Genderqueer
391,Barbette,Burdis,bburdisau@moonfruit.com,Genderfluid
392,Kenyon,Janacek,kjanacekav@skype.com,Polygender
393,Maisey,Whether,mwhetheraw@angelfire.com,Male
394,Francine,Mc Gaughey,fmcgaugheyax@engadget.com,Genderqueer
395,Josselyn,Philippeaux,jphilippeauxay@earthlink.net,Female
396,Francoise,Gay,fgayaz@stanford.edu,Agender
397,Piotr,Ogilvie,pogilvieb0@usda.gov,Genderqueer
398,Kingston,Kerrod,kkerrodb1@issuu.com,Agender
399,Wenonah,Wilstead,wwilsteadb2@usda.gov,Agender
400,Leonanie,Pawsey,lpawseyb3@tripod.com,Bigender
401,Odo,Greenin,ogreeninb4@fotki.com,Genderfluid
402,Carlyle,Duchesne,cduchesneb5@dropbox.com,Bigender
403,Humphrey,Neville,hnevilleb6@aol.com,Bigender
404,Ike,Oliva,iolivab7@redcross.org,Bigender
405,Feodora,Casacchia,fcasacchiab8@prweb.com,Genderfluid
406,Odetta,Dunstan,odunstanb9@naver.com,Non-binary
407,Marylinda,Paulo,mpauloba@gov.uk,Female
408,Giorgio,Snodin,gsnodinbb@delicious.com,Agender
409,Randy,Danniel,rdannielbc@google.fr,Bigender
410,Boigie,Ruos,bruosbd@senate.gov,Agender
411,Celene,von Hagt,cvonhagtbe@wikia.com,Female
412,Deane,Corran,dcorranbf@narod.ru,Female
413,Forrest,Longrigg,flongriggbg@accuweather.com,Male
414,Elana,Dyshart,edyshartbh@theguardian.com,Genderfluid
415,Myron,Kentish,mkentishbi@privacy.gov.au,Non-binary
416,Zorana,O'Gorman,zogormanbj@webs.com,Non-binary
417,Carroll,Rossander,crossanderbk@phoca.cz,Male
418,Margaux,Grishukhin,mgrishukhinbl@newsvine.com,Female
419,Jeffie,Allston,jallstonbm@craigslist.org,Female
420,Madelon,Winterburn,mwinterburnbn@unblog.fr,Genderqueer
421,Tye,Timlett,ttimlettbo@vk.com,Genderfluid
422,Elysha,Tomson,etomsonbp@mozilla.com,Bigender
423,Cleopatra,Dachey,cdacheybq@squidoo.com,Genderqueer
424,Reade,Raincin,rraincinbr@ibm.com,Female
425,Moishe,Lillow,mlillowbs@businesswire.com,Non-binary
426,Norman,De Launde,ndelaundebt@networksolutions.com,Male
427,Ula,Binns,ubinnsbu@odnoklassniki.ru,Non-binary
428,Marmaduke,Watkins,mwatkinsbv@accuweather.com,Genderqueer
429,Jedidiah,Dunstall,jdunstallbw@bbc.co.uk,Non-binary
430,Guillema,Pickrell,gpickrellbx@reddit.com,Non-binary
431,Marcia,Bakewell,mbakewellby@berkeley.edu,Agender
432,Hodge,Ferriby,hferribybz@chicagotribune.com,Female
433,Krystal,Ainslee,kainsleec0@wunderground.com,Agender
434,Ives,Kuschek,ikuschekc1@booking.com,Agender
435,Layton,Cicccitti,lcicccittic2@1und1.de,Polygender
436,Trisha,Harbidge,tharbidgec3@tuttocitta.it,Female
437,Drusie,Wickenden,dwickendenc4@bigcartel.com,Genderqueer
438,Hershel,Theunissen,htheunissenc5@rakuten.co.jp,Genderfluid
439,Isadore,Elstone,ielstonec6@liveinternet.ru,Bigender
440,Maurizio,De Giorgio,mdegiorgioc7@pinterest.com,Bigender
441,Jan,Giggs,jgiggsc8@guardian.co.uk,Polygender
442,Patti,Groom,pgroomc9@blinklist.com,Male
443,Boy,Piddlehinton,bpiddlehintonca@sourceforge.net,Male
444,Fancy,Baudon,fbaudoncb@ucoz.com,Non-binary
445,Maddi,Chapleo,mchapleocc@behance.net,Genderfluid
446,Kessia,Askin,kaskincd@engadget.com,Non-binary
447,Fernandina,Cardiff,fcardiffce@livejournal.com,Non-binary
448,Chuck,Ajsik,cajsikcf@ftc.gov,Genderqueer
449,Yetta,McGilben,ymcgilbencg@friendfeed.com,Agender
450,Hamlin,Gronou,hgronouch@clickbank.net,Non-binary
451,Ailene,Scryne,ascryneci@theatlantic.com,Male
452,Ivy,Steedman,isteedmancj@apache.org,Genderqueer
453,Gail,Nashe,gnasheck@hostgator.com,Polygender
454,Stephannie,Edrich,sedrichcl@sina.com.cn,Female
455,Nelly,Powlett,npowlettcm@amazon.co.jp,Male
456,Betta,Warn,bwarncn@deliciousdays.com,Male
457,Jordana,Grievson,jgrievsonco@pbs.org,Female
458,Kerianne,Creber,kcrebercp@a8.net,Polygender
459,Jaclin,Ramsbotham,jramsbothamcq@npr.org,Female
460,Farlie,Mongeot,fmongeotcr@auda.org.au,Male
461,Lissa,Hackleton,lhackletoncs@uol.com.br,Agender
462,Netti,Georgiades,ngeorgiadesct@time.com,Bigender
463,Nadeen,Cosh,ncoshcu@weebly.com,Male
464,Leonanie,Newlands,lnewlandscv@yolasite.com,Polygender
465,Freida,Chamberlaine,fchamberlainecw@ning.com,Polygender
466,Reuben,Gommey,rgommeycx@netvibes.com,Female
467,Frankie,Armfirld,farmfirldcy@webnode.com,Male
468,Nichole,Betterton,nbettertoncz@mapy.cz,Polygender
469,Ellissa,Giannasi,egiannasid0@wordpress.com,Agender
470,Phedra,Kellington,pkellingtond1@fc2.com,Male
471,Molli,Vassman,mvassmand2@google.es,Female
472,Philippine,Gollin,pgollind3@nsw.gov.au,Female
473,Juliet,McKea,jmckead4@businesswire.com,Agender
474,Audie,Praton,apratond5@blogtalkradio.com,Male
475,Nero,Alessandrelli,nalessandrellid6@omniture.com,Polygender
476,Ozzy,Clive,oclived7@godaddy.com,Genderfluid
477,Ricky,Noirel,rnoireld8@epa.gov,Male
478,Olly,Crunkhorn,ocrunkhornd9@bbc.co.uk,Non-binary
479,Justine,Dunkerly,jdunkerlyda@blinklist.com,Female
480,Trudie,Boutflour,tboutflourdb@google.de,Female
481,Star,Gorioli,sgoriolidc@si.edu,Male
482,Barde,Osanne,bosannedd@comcast.net,Agender
483,Brier,Withull,bwithullde@uol.com.br,Genderfluid
484,Aurore,Hatherall,ahatheralldf@vimeo.com,Non-binary
485,Jamal,Kilner,jkilnerdg@patch.com,Polygender
486,Tracy,Beteriss,tbeterissdh@usnews.com,Bigender
487,Gertrudis,Stenyng,gstenyngdi@cam.ac.uk,Polygender
488,Ginnifer,Neylan,gneylandj@auda.org.au,Non-binary
489,Fleur,Fey,ffeydk@networksolutions.com,Genderfluid
490,Yorke,Colt,ycoltdl@toplist.cz,Non-binary
491,Gunter,Meco,gmecodm@vkontakte.ru,Genderfluid
492,Raynor,Shave,rshavedn@bluehost.com,Female
493,Missy,Thomasset,mthomassetdo@deviantart.com,Non-binary
494,Justis,Whenham,jwhenhamdp@spotify.com,Female
495,Giustino,Vest,gvestdq@aol.com,Female
496,Brennen,Kordes,bkordesdr@moonfruit.com,Agender
497,Darcy,Jacobowits,djacobowitsds@addtoany.com,Agender
498,Briana,Lemmer,blemmerdt@tumblr.com,Genderqueer
499,Matilde,Byham,mbyhamdu@auda.org.au,Genderfluid
500,Chuck,Stote,cstotedv@netlog.com,Male
501,Ray,Landsman,rlandsmandw@360.cn,Polygender
502,Donetta,Marcum,dmarcumdx@a8.net,Bigender
503,Ailyn,MacGillavery,amacgillaverydy@statcounter.com,Bigender
504,Misty,Beyer,mbeyerdz@godaddy.com,Genderfluid
505,Wally,Hanney,whanneye0@parallels.com,Male
506,Agosto,Collihole,acolliholee1@mediafire.com,Genderqueer
507,Lottie,Coldicott,lcoldicotte2@scribd.com,Female
508,Byrle,Squibb,bsquibbe3@nba.com,Agender
509,Karel,Smoote,ksmootee4@bizjournals.com,Bigender
510,Frederik,Briant,fbriante5@harvard.edu,Bigender
511,Thalia,Benns,tbennse6@theatlantic.com,Genderqueer
512,Iggie,Aylmore,iaylmoree7@altervista.org,Agender
513,Kora,Astling,kastlinge8@mit.edu,Genderfluid
514,Gwennie,Calf,gcalfe9@un.org,Non-binary
515,Arabella,Gaitung,agaitungea@youtu.be,Agender
516,Stinky,Giacobillo,sgiacobilloeb@theatlantic.com,Female
517,Shae,Meffan,smeffanec@163.com,Male
518,Alysia,Rosendall,arosendalled@weebly.com,Male
519,Casper,Occleshaw,coccleshawee@mozilla.org,Bigender
520,Butch,Meagh,bmeaghef@yahoo.co.jp,Polygender
521,Gabe,Langdon,glangdoneg@people.com.cn,Non-binary
522,Vernice,Bour,vboureh@list-manage.com,Male
523,Emmye,Vedekhov,evedekhovei@youtube.com,Genderfluid
524,Arny,Wintour,awintourej@nih.gov,Bigender
525,Debra,Geroldi,dgeroldiek@51.la,Non-binary
526,Joannes,Holtham,jholthamel@eepurl.com,Genderqueer
527,Caddric,Mulrenan,cmulrenanem@imdb.com,Female
528,Clayton,Grunguer,cgrungueren@tripadvisor.com,Bigender
529,Hendrika,Djuricic,hdjuriciceo@yale.edu,Agender
530,Ania,Soar,asoarep@craigslist.org,Polygender
531,Jeanelle,Hildred,jhildredeq@mac.com,Female
532,Wendell,Burless,wburlesser@aboutads.info,Female
533,Reggy,Kepe,rkepees@prweb.com,Non-binary
534,Dorrie,Searle,dsearleet@newyorker.com,Bigender
535,Peter,Douglass,pdouglasseu@g.co,Agender
536,Tye,Geertje,tgeertjeev@blinklist.com,Female
537,Warner,Sumsion,wsumsionew@google.ca,Genderfluid
538,Lyndsie,Choake,lchoakeex@slideshare.net,Polygender
539,Leodora,Perfili,lperfiliey@comcast.net,Non-binary
540,Janine,McBayne,jmcbayneez@rambler.ru,Agender
541,Babb,Trotter,btrotterf0@dell.com,Bigender
542,Madelaine,Belward,mbelwardf1@bbb.org,Female
543,Cordy,McMurty,cmcmurtyf2@wikipedia.org,Female
544,Barnie,Skidmore,bskidmoref3@home.pl,Polygender
545,Maury,Lally,mlallyf4@aboutads.info,Genderqueer
546,Franny,Izhaky,fizhakyf5@blogspot.com,Bigender
547,Olivia,Coleiro,ocoleirof6@utexas.edu,Genderfluid
548,Philis,Covill,pcovillf7@scribd.com,Female
549,Edythe,Waghorn,ewaghornf8@cocolog-nifty.com,Genderfluid
550,Veronika,Foyle,vfoylef9@tinypic.com,Male
551,Oberon,Aimable,oaimablefa@wisc.edu,Male
552,Gusella,Becaris,gbecarisfb@163.com,Agender
553,Essa,Adamthwaite,eadamthwaitefc@economist.com,Female
554,Jami,Cobbled,jcobbledfd@wiley.com,Genderqueer
555,Rakel,Hurry,rhurryfe@si.edu,Male
556,Nolana,Jillard,njillardff@vimeo.com,Agender
557,Frazier,Toffoletto,ftoffolettofg@free.fr,Non-binary
558,Abra,Abba,aabbafh@topsy.com,Polygender
559,Job,Plaster,jplasterfi@bizjournals.com,Bigender
560,Bobinette,Asbery,basberyfj@cpanel.net,Genderqueer
561,Marti,Bubear,mbubearfk@state.tx.us,Genderqueer
562,Alexi,Donald,adonaldfl@php.net,Male
563,Elyse,Deniske,edeniskefm@ameblo.jp,Genderqueer
564,Calhoun,Alennikov,calennikovfn@time.com,Genderqueer
565,Gerardo,Bovaird,gbovairdfo@github.io,Female
566,Giffy,Draisey,gdraiseyfp@about.com,Agender
567,Dilan,Beckhouse,dbeckhousefq@miitbeian.gov.cn,Female
568,Annice,Leggate,aleggatefr@macromedia.com,Female
569,Merrile,Gallehawk,mgallehawkfs@noaa.gov,Female
570,Eloisa,Monini,emoninift@wisc.edu,Female
571,Aryn,Moses,amosesfu@nasa.gov,Female
572,Jennifer,Delmonti,jdelmontifv@bloomberg.com,Agender
573,Carmita,Challinor,cchallinorfw@bluehost.com,Female
574,Penni,Lapere,plaperefx@yandex.ru,Genderqueer
575,Goldina,Bims,gbimsfy@cnet.com,Non-binary
576,Brant,Collop,bcollopfz@fema.gov,Male
577,Jeremie,Pellington,jpellingtong0@google.co.uk,Agender
578,Clarinda,Rodolico,crodolicog1@google.es,Non-binary
579,Maddy,Glader,mgladerg2@free.fr,Bigender
580,Genevieve,McGilvary,gmcgilvaryg3@webnode.com,Polygender
581,Sidney,Cape,scapeg4@youtu.be,Bigender
582,Eryn,Streeter,estreeterg5@addthis.com,Genderfluid
583,Gordy,Peplow,gpeplowg6@tripadvisor.com,Non-binary
584,Adolphe,Coppo,acoppog7@slideshare.net,Male
585,Waylen,MacSporran,wmacsporrang8@friendfeed.com,Female
586,Bryanty,Patel,bpatelg9@archive.org,Genderfluid
587,Wilow,Matias,wmatiasga@smugmug.com,Non-binary
588,Bonny,Adhams,badhamsgb@t.co,Genderqueer
589,Marne,Tomet,mtometgc@theatlantic.com,Male
590,Putnam,Beet,pbeetgd@cdbaby.com,Bigender
591,Rosamond,Madoc-Jones,rmadocjonesge@moonfruit.com,Male
592,Randall,Beauvais,rbeauvaisgf@php.net,Non-binary
593,Gerry,McKaile,gmckailegg@digg.com,Female
594,Sigfried,Cammiemile,scammiemilegh@unc.edu,Polygender
595,Rivalee,Jepperson,rjeppersongi@marriott.com,Male
596,Barrett,Brunker,bbrunkergj@census.gov,Non-binary
597,Meredeth,Fleay,mfleaygk@mashable.com,Bigender
598,Salvidor,Kelberman,skelbermangl@technorati.com,Polygender
599,Jacquetta,Tysall,jtysallgm@sbwire.com,Polygender
600,Alphonso,MacNamara,amacnamaragn@github.io,Genderqueer
601,Willyt,Goulbourn,wgoulbourngo@youtu.be,Bigender
602,Morena,Althorpe,malthorpegp@hp.com,Non-binary
603,Cris,Danilchik,cdanilchikgq@arstechnica.com,Genderqueer
604,Allie,Sperring,asperringgr@simplemachines.org,Male
605,Rafe,Apple,rapplegs@e-recht24.de,Male
606,Shell,Caukill,scaukillgt@squarespace.com,Genderfluid
607,Carita,Dondon,cdondongu@theatlantic.com,Non-binary
608,Beverly,Crinkley,bcrinkleygv@naver.com,Female
609,Austine,Paz,apazgw@e-recht24.de,Female
610,Cher,Oag,coaggx@theatlantic.com,Polygender
611,Donaugh,Gibbe,dgibbegy@webnode.com,Agender
612,Karita,Wadsworth,kwadsworthgz@networksolutions.com,Polygender
613,Sabine,Mowson,smowsonh0@skype.com,Genderqueer
614,Eduino,Domsalla,edomsallah1@ebay.co.uk,Female
615,Minni,Helliar,mhelliarh2@parallels.com,Non-binary
616,Kenton,Brimblecomb,kbrimblecombh3@mlb.com,Non-binary
617,Pip,Cullotey,pculloteyh4@pbs.org,Agender
618,Carola,Nevin,cnevinh5@seesaa.net,Non-binary
619,Lee,Maulkin,lmaulkinh6@globo.com,Polygender
620,Crystie,Alexsandrov,calexsandrovh7@wisc.edu,Female
621,Berta,Charlewood,bcharlewoodh8@wisc.edu,Genderqueer
622,Sergent,Simnel,ssimnelh9@de.vu,Female
623,Sullivan,Kitchen,skitchenha@kickstarter.com,Male
624,Afton,MacLice,amaclicehb@diigo.com,Non-binary
625,Ozzy,Pert,operthc@soundcloud.com,Bigender
626,Alis,Praten,apratenhd@adobe.com,Genderqueer
627,Lawrence,Forber,lforberhe@nasa.gov,Polygender
628,Buiron,Swansborough,bswansboroughhf@earthlink.net,Genderqueer
629,Annamaria,Pollendine,apollendinehg@telegraph.co.uk,Polygender
630,Golda,Bubbear,gbubbearhh@about.com,Male
631,Janna,Chitty,jchittyhi@lycos.com,Non-binary
632,Donelle,Rajchert,drajcherthj@seesaa.net,Genderfluid
633,Demetris,Ondracek,dondracekhk@shinystat.com,Female
634,Goldina,Danilenko,gdanilenkohl@devhub.com,Female
635,Rici,Mc Corley,rmccorleyhm@angelfire.com,Genderqueer
636,Jarrad,Baroux,jbarouxhn@yellowpages.com,Bigender
637,Rici,Van Der Weedenburg,rvanderweedenburgho@hexun.com,Genderfluid
638,Laura,Whiteman,lwhitemanhp@pinterest.com,Male
639,Adrianne,Horsted,ahorstedhq@ycombinator.com,Non-binary
640,Hyman,Chilton,hchiltonhr@mysql.com,Agender
641,Isabeau,Van Velde,ivanveldehs@51.la,Bigender
642,Fons,Threadgall,fthreadgallht@wordpress.com,Genderqueer
643,Ilysa,Yushkin,iyushkinhu@ft.com,Female
644,Penn,Rispen,prispenhv@foxnews.com,Polygender
645,Opal,Petrichat,opetrichathw@github.io,Non-binary
646,Gwenette,Higbin,ghigbinhx@drupal.org,Agender
647,Wat,Langstone,wlangstonehy@baidu.com,Non-binary
648,Zsa zsa,Olden,zoldenhz@usgs.gov,Genderqueer
649,Kristian,Kirsop,kkirsopi0@hao123.com,Female
650,Greta,Illston,gillstoni1@alexa.com,Female
651,Sunny,Kears,skearsi2@surveymonkey.com,Female
652,Kaila,Jaksic,kjaksici3@marketwatch.com,Female
653,Flo,Boatswain,fboatswaini4@businessweek.com,Polygender
654,Genna,Prodrick,gprodricki5@yandex.ru,Female
655,Pauletta,Locke,plockei6@ebay.com,Agender
656,Lindon,Brockway,lbrockwayi7@dedecms.com,Male
657,Bertine,Siveyer,bsiveyeri8@indiegogo.com,Bigender
658,Uriah,Debell,udebelli9@blog.com,Female
659,Marcy,McGahern,mmcgahernia@fc2.com,Genderqueer
660,Nickolaus,Ferney,nferneyib@tumblr.com,Genderqueer
661,Geri,Toffaloni,gtoffaloniic@nba.com,Bigender
662,Jennee,Lemery,jlemeryid@nifty.com,Female
663,Tybalt,Kwietek,tkwietekie@cnbc.com,Genderqueer
664,Kaitlyn,Ugoni,kugoniif@gizmodo.com,Bigender
665,Cedric,Johnsee,cjohnseeig@bluehost.com,Agender
666,Lucien,Larimer,llarimerih@mediafire.com,Non-binary
667,Rube,Waddilow,rwaddilowii@chicagotribune.com,Polygender
668,Claudio,Sango,csangoij@mac.com,Non-binary
669,Nadean,Littleproud,nlittleproudik@samsung.com,Non-binary
670,Avictor,Dailly,adaillyil@phoca.cz,Female
671,Lindy,Heathfield,lheathfieldim@mozilla.com,Female
672,Hobey,Wheater,hwheaterin@elegantthemes.com,Female
673,Stillmann,Boteman,sbotemanio@slideshare.net,Male
674,Sibbie,Szabo,sszaboip@amazon.co.uk,Female
675,Kipp,Teligin,kteliginiq@1688.com,Genderfluid
676,Westbrooke,Whistan,wwhistanir@washingtonpost.com,Agender
677,Juliane,Gores,jgoresis@adobe.com,Bigender
678,Amelia,MacCroary,amaccroaryit@ovh.net,Bigender
679,Chelsey,Wigg,cwiggiu@digg.com,Bigender
680,Gloria,Hollibone,gholliboneiv@economist.com,Genderqueer
681,Westbrook,Brimelow,wbrimelowiw@sogou.com,Female
682,Jacob,Bugden,jbugdenix@vinaora.com,Male
683,Lane,Tavernor,ltavernoriy@example.com,Non-binary
684,Jacynth,Whyffen,jwhyffeniz@360.cn,Genderqueer
685,Cordie,Dinan,cdinanj0@lulu.com,Bigender
686,Noni,Bingle,nbinglej1@ifeng.com,Genderfluid
687,Mile,Gras,mgrasj2@imageshack.us,Agender
688,Ralf,Kiossel,rkiosselj3@about.com,Genderfluid
689,Lynnet,Blackledge,lblackledgej4@woothemes.com,Genderfluid
690,Morganica,Degnen,mdegnenj5@vimeo.com,Polygender
691,Kalindi,Sedman,ksedmanj6@upenn.edu,Genderqueer
692,Olenka,King,okingj7@dailymail.co.uk,Bigender
693,Welch,Ortega,wortegaj8@1und1.de,Male
694,Vally,Hyslop,vhyslopj9@e-recht24.de,Male
695,Jeane,Huddlestone,jhuddlestoneja@independent.co.uk,Non-binary
696,Renie,Abriani,rabrianijb@aol.com,Agender
697,Shantee,Jinkinson,sjinkinsonjc@phoca.cz,Genderfluid
698,Rivalee,Wadworth,rwadworthjd@unesco.org,Genderqueer
699,Toddie,Burgwin,tburgwinje@hhs.gov,Male
700,Damon,Stirton,dstirtonjf@theatlantic.com,Agender
701,Lorne,Glason,lglasonjg@surveymonkey.com,Genderfluid
702,Eduino,Broggelli,ebroggellijh@bravesites.com,Genderqueer
703,Bette,Sloey,bsloeyji@cisco.com,Non-binary
704,Clemmie,Backsal,cbacksaljj@dailymail.co.uk,Agender
705,Virginie,Soan,vsoanjk@alexa.com,Female
706,Brook,Sutterfield,bsutterfieldjl@delicious.com,Genderqueer
707,Silvio,Clayborn,sclaybornjm@tiny.cc,Bigender
708,Lauri,Fillimore,lfillimorejn@edublogs.org,Male
709,Andrej,Rosthorn,arosthornjo@abc.net.au,Genderqueer
710,Jocko,Bursell,jburselljp@slashdot.org,Male
711,Llewellyn,Botfield,lbotfieldjq@bloomberg.com,Non-binary
712,Abby,Ife,aifejr@gov.uk,Polygender
713,Noell,Morriss,nmorrissjs@dell.com,Male
714,Klarrisa,Jann,kjannjt@ted.com,Genderqueer
715,Edie,Soigoux,esoigouxju@cpanel.net,Male
716,Shina,Sparshutt,ssparshuttjv@shutterfly.com,Agender
717,Madeleine,Gewer,mgewerjw@hao123.com,Female
718,Raddie,Lockett,rlockettjx@rakuten.co.jp,Genderqueer
719,Glyn,Mingardi,gmingardijy@liveinternet.ru,Bigender
720,Friedrick,Burchmore,fburchmorejz@accuweather.com,Non-binary
721,Manda,Simukov,msimukovk0@youtube.com,Bigender
722,Obidiah,de Guerre,odeguerrek1@so-net.ne.jp,Bigender
723,Nerty,Tuson,ntusonk2@icio.us,Male
724,Kristos,Renyard,krenyardk3@dropbox.com,Genderfluid
725,Enriqueta,Oene,eoenek4@time.com,Male
726,Wren,Fassbender,wfassbenderk5@sun.com,Genderfluid
727,Davey,Bosket,dbosketk6@drupal.org,Female
728,Garland,Castellaccio,gcastellacciok7@twitter.com,Non-binary
729,Rosana,MacKinnon,rmackinnonk8@google.com.hk,Polygender
730,Wyndham,Alebrooke,walebrookek9@purevolume.com,Bigender
731,Marysa,Astin,mastinka@hc360.com,Non-binary
732,Morgen,Lehrmann,mlehrmannkb@phpbb.com,Non-binary
733,Shawn,Puttick,sputtickkc@g.co,Genderqueer
734,Reidar,Kopecka,rkopeckakd@cbc.ca,Genderfluid
735,Prentiss,Talton,ptaltonke@yellowpages.com,Bigender
736,Staci,Hambleton,shambletonkf@icq.com,Male
737,Mario,Kulvear,mkulvearkg@typepad.com,Bigender
738,Justin,Luppitt,jluppittkh@posterous.com,Female
739,Haskel,Van Castele,hvancasteleki@twitpic.com,Female
740,Maryann,Kilkenny,mkilkennykj@ezinearticles.com,Polygender
741,Lauren,Metzig,lmetzigkk@mashable.com,Female
742,Cassandre,Flowith,cflowithkl@dyndns.org,Male
743,Charlot,Bettinson,cbettinsonkm@ihg.com,Female
744,Chelsy,Carlisso,ccarlissokn@flavors.me,Female
745,Billie,Vala,bvalako@army.mil,Genderqueer
746,Concordia,Clymo,cclymokp@spotify.com,Non-binary
747,Moss,Malloy,mmalloykq@wikia.com,Bigender
748,Benito,McGeown,bmcgeownkr@godaddy.com,Agender
749,Alikee,Courteney,acourteneyks@gizmodo.com,Polygender
750,Alli,Eldred,aeldredkt@ifeng.com,Polygender
751,Demetris,Brownbridge,dbrownbridgeku@blog.com,Male
752,Bartie,Mobley,bmobleykv@aol.com,Bigender
753,Charline,Lennie,clenniekw@seesaa.net,Genderqueer
754,Harmony,Kemmet,hkemmetkx@yelp.com,Female
755,Sissy,Fochs,sfochsky@sbwire.com,Agender
756,Debor,Mapletoft,dmapletoftkz@addtoany.com,Genderqueer
757,Dorette,Hugle,dhuglel0@mac.com,Male
758,Ettie,Ferras,eferrasl1@imageshack.us,Male
759,Joseito,Huggon,jhuggonl2@archive.org,Bigender
760,Collen,Matusiak,cmatusiakl3@arstechnica.com,Genderqueer
761,Buckie,Coslett,bcoslettl4@shop-pro.jp,Polygender
762,Colas,Purchase,cpurchasel5@yelp.com,Genderfluid
763,Reidar,Leap,rleapl6@usnews.com,Polygender
764,Tony,Trowsdale,ttrowsdalel7@sina.com.cn,Non-binary
765,Toinette,Cruz,tcruzl8@wikispaces.com,Agender
766,Stephannie,Marfell,smarfelll9@illinois.edu,Non-binary
767,Sandie,Pauel,spauella@yahoo.co.jp,Polygender
768,Nert,Pocklington,npocklingtonlb@digg.com,Female
769,Paco,Holyland,pholylandlc@blogspot.com,Non-binary
770,Giselle,Tester,gtesterld@exblog.jp,Male
771,Engelbert,Lilian,elilianle@rambler.ru,Genderqueer
772,Belle,Edmundson,bedmundsonlf@altervista.org,Agender
773,Benedetto,Rowlinson,browlinsonlg@storify.com,Male
774,Kassi,O'Leary,kolearylh@vistaprint.com,Bigender
775,Garvey,Yarker,gyarkerli@google.ca,Bigender
776,Carolina,Maffetti,cmaffettilj@vimeo.com,Agender
777,Sibby,Rosoni,srosonilk@4shared.com,Bigender
778,Janot,Arnaudi,jarnaudill@shop-pro.jp,Non-binary
779,Delinda,Farrier,dfarrierlm@ibm.com,Genderqueer
780,Roselia,Dessant,rdessantln@flavors.me,Agender
781,Honey,Delafoy,hdelafoylo@pen.io,Genderqueer
782,Sebastiano,Iverson,siversonlp@cbslocal.com,Female
783,Sherwood,Orable,sorablelq@tuttocitta.it,Male
784,Leo,Scinelli,lscinellilr@chron.com,Female
785,Terrell,MacGaughie,tmacgaughiels@cnet.com,Non-binary
786,Rabi,Huske,rhuskelt@un.org,Agender
787,Kerk,Karby,kkarbylu@ftc.gov,Male
788,Carolann,Nazareth,cnazarethlv@europa.eu,Male
789,Lesley,Brahmer,lbrahmerlw@who.int,Female
790,Roosevelt,Vosper,rvosperlx@sciencedaily.com,Genderfluid
791,Lainey,McGibbon,lmcgibbonly@wikia.com,Genderqueer
792,Eadie,Enevold,eenevoldlz@soundcloud.com,Female
793,Susanne,MacElholm,smacelholmm0@netscape.com,Agender
794,Shalna,Tregunnah,stregunnahm1@washingtonpost.com,Non-binary
795,Alasteir,Knaggs,aknaggsm2@google.fr,Bigender
796,Melvin,Popplewell,mpopplewellm3@nps.gov,Male
797,Esther,Conen,econenm4@linkedin.com,Non-binary
798,Hurley,Mallon,hmallonm5@example.com,Bigender
799,Alvan,O'Bruen,aobruenm6@cbsnews.com,Male
800,Thekla,Mufford,tmuffordm7@creativecommons.org,Non-binary
801,Viviene,Salisbury,vsalisburym8@cargocollective.com,Male
802,Opalina,Welman,owelmanm9@opensource.org,Male
803,Annaliese,Fipp,afippma@about.com,Agender
804,Julia,Maxwaile,jmaxwailemb@archive.org,Genderfluid
805,Marla,Chadbourn,mchadbournmc@howstuffworks.com,Polygender
806,Flemming,Skentelbery,fskentelberymd@europa.eu,Male
807,Tull,Bowling,tbowlingme@etsy.com,Bigender
808,Andonis,Doubrava,adoubravamf@cdc.gov,Agender
809,Geralda,Sargison,gsargisonmg@dell.com,Non-binary
810,Dannye,Lude,dludemh@bbb.org,Female
811,Rowena,Emanulsson,remanulssonmi@businessinsider.com,Agender
812,Job,Forman,jformanmj@mayoclinic.com,Genderqueer
813,Alvis,Bril,abrilmk@rambler.ru,Genderqueer
814,Lynde,Laughlan,llaughlanml@cdc.gov,Agender
815,Madelon,Lamasna,mlamasnamm@geocities.jp,Female
816,Lu,Schoular,lschoularmn@mlb.com,Genderfluid
817,Boonie,Paulo,bpaulomo@earthlink.net,Female
818,Gustie,Cowpland,gcowplandmp@163.com,Bigender
819,Giulietta,Van Cassel,gvancasselmq@biblegateway.com,Genderqueer
820,Renie,Geldeard,rgeldeardmr@i2i.jp,Non-binary
821,Magnum,Klos,mklosms@techcrunch.com,Non-binary
822,Piper,Redford,predfordmt@eventbrite.com,Bigender
823,Kristin,Espinho,kespinhomu@posterous.com,Male
824,Manny,McKillop,mmckillopmv@ftc.gov,Male
825,Mary,Sainter,msaintermw@slideshare.net,Male
826,Natty,Etches,netchesmx@eventbrite.com,Polygender
827,Doralia,Sommerscales,dsommerscalesmy@scribd.com,Genderfluid
828,Cole,Stonuary,cstonuarymz@umich.edu,Genderfluid
829,Lisabeth,Nuttey,lnutteyn0@dedecms.com,Genderfluid
830,Ugo,Neville,unevillen1@narod.ru,Non-binary
831,Hilary,Bolt,hboltn2@studiopress.com,Female
832,Lonny,Browning,lbrowningn3@ed.gov,Genderfluid
833,Kimberley,Cadwaladr,kcadwaladrn4@china.com.cn,Agender
834,Clareta,Graeber,cgraebern5@mashable.com,Bigender
835,Chrysler,Shevlin,cshevlinn6@meetup.com,Polygender
836,Dale,Skillanders,dskillandersn7@businesswire.com,Non-binary
837,Sally,Pantlin,spantlinn8@taobao.com,Genderfluid
838,Laurens,Kitchenside,lkitchensiden9@flickr.com,Genderfluid
839,Isidoro,Pendleton,ipendletonna@businesswire.com,Non-binary
840,Josie,Marrows,jmarrowsnb@answers.com,Genderfluid
841,Boycey,Firmage,bfirmagenc@earthlink.net,Agender
842,Aileen,Sperwell,asperwellnd@ameblo.jp,Male
843,Gradey,Rubenchik,grubenchikne@hhs.gov,Male
844,Robbi,Greenier,rgreeniernf@ucoz.com,Polygender
845,Kim,Rappaport,krappaportng@disqus.com,Female
846,Avril,St. Leger,astlegernh@studiopress.com,Non-binary
847,Nona,Castleman,ncastlemanni@bluehost.com,Agender
848,Cinnamon,Weild,cweildnj@amazon.co.uk,Agender
849,Ellissa,Chrippes,echrippesnk@irs.gov,Agender
850,Eward,Letterick,elettericknl@amazon.de,Agender
851,Elinor,Cranidge,ecranidgenm@mapy.cz,Agender
852,Nina,Poag,npoagnn@apple.com,Female
853,Rubin,Ruprechter,rruprechterno@macromedia.com,Agender
854,Cyb,West-Frimley,cwestfrimleynp@businessinsider.com,Agender
855,Andriette,Arrow,aarrownq@1und1.de,Genderfluid
856,Brandie,Gopsell,bgopsellnr@goo.gl,Bigender
857,Leese,Grabiec,lgrabiecns@tumblr.com,Female
858,Thebault,Warsop,twarsopnt@addtoany.com,Polygender
859,Stern,McCrohon,smccrohonnu@sakura.ne.jp,Genderfluid
860,Mendie,Litel,mlitelnv@icq.com,Polygender
861,Delly,Hingeley,dhingeleynw@time.com,Male
862,Mirabella,Brouard,mbrouardnx@google.it,Female
863,Luise,Summerlee,lsummerleeny@oaic.gov.au,Male
864,Sigrid,Ilett,silettnz@com.com,Agender
865,Marget,Rendall,mrendallo0@google.com,Genderfluid
866,Theo,Clewley,tclewleyo1@flickr.com,Genderqueer
867,Tonia,Espasa,tespasao2@illinois.edu,Non-binary
868,Claudia,Fernant,cfernanto3@youtube.com,Female
869,Jean,Mazzia,jmazziao4@eventbrite.com,Genderfluid
870,Dewitt,Lagde,dlagdeo5@npr.org,Polygender
871,Codie,Frift,cfrifto6@uiuc.edu,Bigender
872,Percy,Goodwyn,pgoodwyno7@webnode.com,Bigender
873,Nomi,Arundel,narundelo8@blogtalkradio.com,Genderqueer
874,Jamill,Laidlaw,jlaidlawo9@berkeley.edu,Female
875,Rayshell,Beaushaw,rbeaushawoa@epa.gov,Bigender
876,Amelie,Janaway,ajanawayob@bizjournals.com,Male
877,Gwenny,Boddymead,gboddymeadoc@ycombinator.com,Female
878,Nannie,Fenne,nfenneod@kickstarter.com,Agender
879,Wendell,Slides,wslidesoe@addtoany.com,Genderqueer
880,Felicdad,Tinan,ftinanof@wufoo.com,Agender
881,Dianna,Butland,dbutlandog@gizmodo.com,Genderfluid
882,Otes,Turpin,oturpinoh@wsj.com,Female
883,Veradis,Inchley,vinchleyoi@linkedin.com,Non-binary
884,Dana,Bidewell,dbidewelloj@freewebs.com,Agender
885,Wade,Reddish,wreddishok@wiley.com,Female
886,Gregoire,Musicka,gmusickaol@ning.com,Polygender
887,Stafani,Smullen,ssmullenom@google.nl,Bigender
888,Tamiko,Cranham,tcranhamon@hugedomains.com,Genderqueer
889,Barrie,Smurfitt,bsmurfittoo@adobe.com,Female
890,Amata,Attwoull,aattwoullop@buzzfeed.com,Polygender
891,Bartram,Klain,bklainoq@addtoany.com,Agender
892,Charity,Perez,cperezor@indiegogo.com,Female
893,Brittan,Lehrmann,blehrmannos@cdbaby.com,Bigender
894,Gates,Aery,gaeryot@homestead.com,Genderfluid
895,Olive,Wiersma,owiersmaou@pen.io,Bigender
896,Kaleb,McMeekin,kmcmeekinov@businesswire.com,Genderqueer
897,Floria,Whitchurch,fwhitchurchow@goo.ne.jp,Genderqueer
898,Kathryn,Oman,komanox@prlog.org,Genderqueer
899,Marcella,Trusdale,mtrusdaleoy@imgur.com,Polygender
900,Sonny,Noblett,snoblettoz@printfriendly.com,Non-binary
901,Debora,Drivers,ddriversp0@de.vu,Non-binary
902,Genia,Brockway,gbrockwayp1@unesco.org,Bigender
903,Nancy,Lynde,nlyndep2@oakley.com,Female
904,Roddy,Chill,rchillp3@blinklist.com,Genderqueer
905,Finley,Rosenfelder,frosenfelderp4@hp.com,Agender
906,Pippo,Duckworth,pduckworthp5@studiopress.com,Male
907,Yoshiko,Danilishin,ydanilishinp6@altervista.org,Genderfluid
908,Dasi,Gatward,dgatwardp7@cbsnews.com,Bigender
909,Joli,Cabrara,jcabrarap8@jiathis.com,Genderqueer
910,Dukey,Castiglioni,dcastiglionip9@census.gov,Genderfluid
911,Susanne,Millson,smillsonpa@admin.ch,Genderfluid
912,Perri,Bygraves,pbygravespb@storify.com,Non-binary
913,Elbertine,Croston,ecrostonpc@purevolume.com,Agender
914,Martelle,Margarson,mmargarsonpd@mac.com,Bigender
915,Rockwell,Masson,rmassonpe@facebook.com,Genderfluid
916,Hakim,Cook,hcookpf@dion.ne.jp,Bigender
917,Lilly,Iddy,liddypg@lulu.com,Non-binary
918,Myrle,Dwelly,mdwellyph@apache.org,Female
919,Evie,Krammer,ekrammerpi@cbc.ca,Female
920,Carma,Duncanson,cduncansonpj@artisteer.com,Male
921,Tamqrah,Asp,tasppk@amazon.co.uk,Genderfluid
922,Juditha,Fenelon,jfenelonpl@amazonaws.com,Female
923,Bathsheba,Crean,bcreanpm@mayoclinic.com,Genderfluid
924,Hobey,Longmead,hlongmeadpn@disqus.com,Agender
925,Trudy,Vost,tvostpo@youtu.be,Genderqueer
926,Edvard,Boissier,eboissierpp@timesonline.co.uk,Polygender
927,Bret,Croom,bcroompq@wsj.com,Agender
928,Cate,Gowling,cgowlingpr@upenn.edu,Male
929,Chadd,Delacote,cdelacoteps@sina.com.cn,Bigender
930,Gennifer,Lau,glaupt@jalbum.net,Genderfluid
931,Sibel,Straughan,sstraughanpu@surveymonkey.com,Genderfluid
932,Laural,Tomsen,ltomsenpv@answers.com,Male
933,Flint,Sparkwell,fsparkwellpw@bravesites.com,Genderqueer
934,Jamil,Durban,jdurbanpx@163.com,Genderqueer
935,Basia,De Cleyne,bdecleynepy@dell.com,Bigender
936,Hammad,Likely,hlikelypz@posterous.com,Non-binary
937,Benn,Warrier,bwarrierq0@sphinn.com,Bigender
938,Porter,Gladtbach,pgladtbachq1@marketwatch.com,Male
939,Baird,Deinhard,bdeinhardq2@mlb.com,Agender
940,Herb,Pulhoster,hpulhosterq3@google.ru,Genderqueer
941,Olag,Mish,omishq4@yahoo.com,Genderqueer
942,Tally,Cook,tcookq5@icio.us,Non-binary
943,Almira,Measures,ameasuresq6@unc.edu,Male
944,Devlen,Avramovic,davramovicq7@blogs.com,Non-binary
945,Dalila,Stratten,dstrattenq8@tinypic.com,Non-binary
946,Ruthie,Wainscoat,rwainscoatq9@exblog.jp,Bigender
947,Sukey,Roaf,sroafqa@telegraph.co.uk,Agender
948,Mendie,Brisard,mbrisardqb@wordpress.org,Bigender
949,Elane,Campos,ecamposqc@dagondesign.com,Polygender
950,Reuven,Langtree,rlangtreeqd@yahoo.com,Polygender
951,Jerri,Brighty,jbrightyqe@slate.com,Non-binary
952,Robinett,Kira,rkiraqf@google.pl,Female
953,Kelsi,Duffitt,kduffittqg@last.fm,Male
954,Obed,Calladine,ocalladineqh@ft.com,Agender
955,Moira,Riolfi,mriolfiqi@qq.com,Female
956,Corbett,MacSkeaghan,cmacskeaghanqj@storify.com,Agender
957,Sapphira,Joselovitch,sjoselovitchqk@prweb.com,Genderfluid
958,Pamela,Summerskill,psummerskillql@list-manage.com,Non-binary
959,Jeno,Blampey,jblampeyqm@elpais.com,Genderfluid
960,Constantia,Bortolozzi,cbortolozziqn@amazon.com,Male
961,Valentina,Gratland,vgratlandqo@w3.org,Bigender
962,Horst,Flawith,hflawithqp@fastcompany.com,Non-binary
963,Cheslie,Isenor,cisenorqq@tinyurl.com,Polygender
964,Francesca,Harvison,fharvisonqr@simplemachines.org,Agender
965,Taylor,Mellings,tmellingsqs@foxnews.com,Male
966,Oneida,Cartmill,ocartmillqt@is.gd,Agender
967,Verla,Byron,vbyronqu@tamu.edu,Genderqueer
968,Faith,Pickworth,fpickworthqv@arizona.edu,Polygender
969,Ezmeralda,Battey,ebatteyqw@bloglines.com,Female
970,Lindsay,Kerry,lkerryqx@jimdo.com,Non-binary
971,Prinz,Corstan,pcorstanqy@comsenz.com,Genderqueer
972,Jayson,Hillett,jhillettqz@yahoo.co.jp,Male
973,Denni,Grossman,dgrossmanr0@jigsy.com,Male
974,Bernardine,Sherrard,bsherrardr1@youtu.be,Female
975,Kendrick,Maggiore,kmaggiorer2@barnesandnoble.com,Female
976,Jamison,Duffet,jduffetr3@cbslocal.com,Male
977,Howie,Lindgren,hlindgrenr4@goodreads.com,Agender
978,Marjorie,Sowden,msowdenr5@hp.com,Non-binary
979,Meredeth,Essam,messamr6@a8.net,Female
980,Pamelina,Jacobowits,pjacobowitsr7@rakuten.co.jp,Male
981,Jodie,Abrahamowitcz,jabrahamowitczr8@usgs.gov,Agender
982,Orville,Ortell,oortellr9@last.fm,Genderqueer
983,Ula,Walklate,uwalklatera@yellowpages.com,Genderqueer
984,Bryn,Rounsefull,brounsefullrb@mtv.com,Male
985,Cayla,Bambery,cbamberyrc@sogou.com,Female
986,Corena,Beer,cbeerrd@wikimedia.org,Non-binary
987,Lemmy,Habron,lhabronre@indiegogo.com,Polygender
988,Theresa,Grandison,tgrandisonrf@sitemeter.com,Genderfluid
989,Erminia,Huerta,ehuertarg@topsy.com,Male
990,Salmon,Loos,sloosrh@lycos.com,Genderfluid
991,Randy,Leyrroyd,rleyrroydri@va.gov,Female
992,Riordan,Lafford,rlaffordrj@scientificamerican.com,Female
993,Skipper,Dahlborg,sdahlborgrk@dell.com,Polygender
994,Elbertina,Linneman,elinnemanrl@nationalgeographic.com,Genderqueer
995,Sharline,Gary,sgaryrm@dell.com,Non-binary
996,Keri,McVitie,kmcvitiern@sohu.com,Male
997,Thorsten,Mugford,tmugfordro@irs.gov,Genderqueer
998,Dasie,Berrie,dberrierp@boston.com,Genderqueer
999,Florette,Ashard,fashardrq@bbc.co.uk,Bigender
1000,Reade,Dallimare,rdallimarerr@usnews.com,Female
